MUESTRA,PUNTO,LADO,COOR1,COOR2,EDAD,SEXO,EDAD.SEXO,LONG.TOT,ANTREAL1,ANTREAL2,ANTREAL3,ANTREAL4,ANTTOT,DIAMCAB,UNA,EMPODIO3,MAN,DENS,MUCRON,FURTOT,PAO,OJO,TORAX2,ABDOM1,ABDOM4,ABDOM5,ABDOM6,ABDOMTOT
A,A,Central,10,137.5,Joven,Desconocido,Joven-Desconocido,830,12,28,30,58,16,168,15,7,50,28,10,88,12,7,100,72,70,58,10,210
B,B,Central,12,136.5,Joven,Desconocido,Joven-Desconocido,670,14,26,27,49,10,128,18,10,46,21,8,75,9,0,86,70,62,46,8,186
B,B,Central,12,136,Adulto,Macho,Adulto-Macho,1080,30,40,44,70,44,192,2,16,0,0,0,0,8,0,110,82,110,78,10,280
B,B,Central,11,139.5,Desconocido,Desconocido,Desconocido-Desconocido,1080,26,38,40,64,36,192,26,14,0,0,0,0,0,0,150,90,120,68,12,290
B,B,Central,11,142,Desconocido,Desconocido,Desconocido-Desconocido,1020,22,38,38,60,31,184,26,14,42,34,14,90,14,10,130,90,110,64,24,288
B,B,Central,11.5,136.5,Adulto,Hembra,Adulto-Hembra,1420,32,50,48,80,57,0,38,16,64,26,18,108,18,10,180,134,176,86,60,456
B,B,Central,12,140,Adulto,Hembra,Adulto-Hembra,1400,32,60,56,58,55,0,38,20,82,46,22,150,24,12,192,134,192,0,0,326
B,B,Central,11.5,143,Desconocido,Desconocido,Desconocido-Desconocido,1200,28,42,42,72,44,168,30,14,0,44,18,62,20,10,160,106,150,100,28,384
B,B,Central,11.5,137,Adulto,Hembra,Adulto-Hembra,1460,32,60,54,82,66,208,42,20,96,44,22,162,20,12,180,130,174,110,38,452
B,B,Central,11,140.5,Adulto,Hembra,Adulto-Hembra,1380,26,50,50,84,57,0,36,18,98,46,22,166,20,10,168,128,150,106,30,414
C,,,11,136,Joven,Desconocido,Joven-Desconocido,810,18,28,32,54,18,152,22,10,60,28,14,102,14,0,88,50,78,68,34,230
C,,,11,141.5,Joven,Desconocido,Joven-Desconocido,800,20,32,32,56,22,168,16,0,60,28,14,102,18,0,110,70,90,56,10,226
C,,,11,143.5,Joven,Desconocido,Joven-Desconocido,860,14,34,34,54,20,160,24,10,50,30,12,92,14,0,110,70,0,0,0,70
C,,,11,138,Joven,Desconocido,Joven-Desconocido,620,20,26,28,48,13,128,18,10,32,22,10,64,0,0,86,50,60,48,18,176
C,,,11.5,145.5,Joven,Desconocido,Joven-Desconocido,600,16,26,26,48,10,112,20,10,60,20,10,90,0,0,74,50,60,28,20,158
C,,,7,136,Joven,Desconocido,Joven-Desconocido,560,16,20,24,44,5,112,18,12,0,0,0,0,0,0,68,50,56,30,22,158
C,,,8.5,140,Joven,Desconocido,Joven-Desconocido,560,16,22,22,42,4,120,20,10,28,20,10,58,0,8,58,50,56,40,14,160
C,,,11,134.5,Joven,Desconocido,Joven-Desconocido,890,18,30,34,60,23,168,22,10,46,34,12,92,0,0,110,80,96,66,24,266
C,,,12,139.5,Joven,Desconocido,Joven-Desconocido,840,20,30,32,58,22,152,26,10,60,24,10,94,0,0,108,74,72,60,16,222
C,,,11,144,Joven,Desconocido,Joven-Desconocido,860,20,30,34,60,24,184,22,12,30,28,12,70,16,0,98,78,80,60,20,238
C,,,11,134,Joven,Desconocido,Joven-Desconocido,700,18,24,32,50,14,120,24,10,30,24,10,64,0,0,98,60,72,46,18,196
C,,,11,140.5,Joven,Desconocido,Joven-Desconocido,940,22,34,36,54,25,200,28,12,56,30,18,104,0,0,114,86,94,64,26,270
C,,,11,143.5,Joven,Desconocido,Joven-Desconocido,780,20,22,30,60,18,136,20,10,36,24,10,70,8,0,104,70,82,58,18,228
C,,,11,137,Joven,Desconocido,Joven-Desconocido,840,20,34,28,56,21,144,30,12,0,24,12,36,0,8,94,80,88,56,20,244
C,,,10,141,Joven,Desconocido,Joven-Desconocido,960,20,30,36,60,25,176,24,10,0,0,10,10,18,0,130,90,98,68,20,276
C,,,10,143,Joven,Desconocido,Joven-Desconocido,900,20,30,36,56,23,168,22,8,0,26,12,38,0,0,98,70,80,56,16,222
C,,,9,136,Joven,Desconocido,Joven-Desconocido,780,22,30,32,56,22,152,20,10,0,30,10,40,10,10,100,64,80,48,16,208
C,,,11,140,Joven,Desconocido,Joven-Desconocido,820,20,26,28,56,17,160,22,8,0,30,10,40,10,0,110,74,82,56,16,228
C,,,11,143,Joven,Desconocido,Joven-Desconocido,800,20,24,30,46,12,160,24,10,40,24,10,74,10,0,100,66,86,56,16,224
C,,,12,139,Joven,Desconocido,Joven-Desconocido,940,16,30,36,60,23,160,26,14,66,28,14,108,10,0,0,82,94,68,22,266
C,,,11,142,Preadulto,Macho,Preadulto-Macho,1080,20,40,38,106,54,216,30,14,62,32,18,112,16,0,132,92,134,80,24,330
C,,,11,146,Joven,Desconocido,Joven-Desconocido,890,24,30,34,60,26,160,24,12,0,28,12,40,0,0,102,74,88,70,10,242
C,,,13,137,Desconocido,Desconocido,Desconocido-Desconocido,880,20,30,30,50,17,144,22,12,0,0,0,0,0,0,110,84,100,34,18,236
C,,,12,140,Desconocido,Desconocido,Desconocido-Desconocido,980,20,32,32,60,24,200,20,12,0,0,12,12,10,0,116,86,96,60,16,258
C,,,12,143,Joven,Desconocido,Joven-Desconocido,780,0,0,0,0,2,152,24,12,48,30,16,94,0,0,120,110,106,64,20,300
C,,,11,137,Joven,Desconocido,Joven-Desconocido,840,18,26,28,58,17,152,24,10,0,0,0,0,0,0,102,68,80,60,16,224
C,,,10,140,Adulto,Macho,Adulto-Macho,1000,22,34,34,62,28,192,26,16,0,0,0,0,10,0,100,100,84,64,18,266
C,,,10,144,Preadulto,Macho,Preadulto-Macho,1000,24,38,36,62,32,184,26,14,50,28,16,94,16,0,118,90,110,72,20,292
C,,,10,136,Adulto,Macho,Adulto-Macho,940,24,32,34,60,27,160,22,11,40,32,12,84,16,0,122,0,94,56,20,170
C,,,12,140,Joven,Desconocido,Joven-Desconocido,900,18,32,34,56,22,152,24,10,50,28,16,94,10,0,130,82,104,62,22,270
C,,,10,143,Joven,Desconocido,Joven-Desconocido,720,16,24,28,48,10,128,20,8,0,0,0,0,16,0,82,54,62,48,12,176
C,,,8,137,Desconocido,Desconocido,Desconocido-Desconocido,920,20,30,38,54,23,160,24,12,56,26,14,96,12,0,124,80,110,60,18,268
C,,,10,140,Desconocido,Desconocido,Desconocido-Desconocido,840,20,30,34,56,22,160,28,14,60,28,16,104,12,0,100,78,104,60,18,260
C,,,10,144,Desconocido,Desconocido,Desconocido-Desconocido,940,20,30,36,58,24,160,26,14,60,38,16,114,12,0,112,86,94,64,22,266
C,,,8,134,Joven,Desconocido,Joven-Desconocido,920,22,26,38,60,25,168,30,12,60,30,16,106,12,0,102,80,110,68,20,278
C,,,12,139,Adulto,Macho,Adulto-Macho,1000,22,34,40,60,30,192,28,14,40,30,16,86,12,0,124,94,120,70,24,308
C,,,11,144,Preadulto,Macho,Preadulto-Macho,1140,26,38,42,66,38,200,30,12,56,30,20,106,14,10,124,98,130,74,24,326
C,,,16,134,Desconocido,Desconocido,Desconocido-Desconocido,860,20,28,34,56,21,176,20,10,42,26,12,80,0,0,94,78,110,58,12,258
C,,,15,140,Desconocido,Desconocido,Desconocido-Desconocido,740,16,26,30,52,14,128,20,10,30,26,8,64,0,0,90,68,82,54,10,214
C,,,15,143,Desconocido,Desconocido,Desconocido-Desconocido,940,20,32,36,58,25,160,28,12,50,28,14,92,16,10,98,92,110,66,14,282
C,,,11,136,Desconocido,Desconocido,Desconocido-Desconocido,860,18,30,32,54,19,160,22,12,50,0,0,50,12,0,102,70,92,52,14,228
C,,,12,139,Desconocido,Desconocido,Desconocido-Desconocido,920,24,32,38,56,27,176,22,12,46,26,16,88,14,0,110,80,98,60,14,252
C,,,11,142,Desconocido,Desconocido,Desconocido-Desconocido,960,20,30,34,60,24,160,28,12,50,26,18,94,18,8,114,84,116,68,12,280
C,,,14,133,Joven,Desconocido,Joven-Desconocido,900,20,32,32,58,23,160,22,12,44,26,14,84,16,0,108,84,106,54,10,254
C,,,14,139,Desconocido,Desconocido,Desconocido-Desconocido,940,24,34,40,56,29,160,24,12,40,30,12,82,12,8,114,0,102,68,12,182
C,,,14,143,Desconocido,Desconocido,Desconocido-Desconocido,880,20,30,32,58,22,160,22,10,44,30,14,88,14,0,114,74,102,54,10,240
C,,,12,132,Desconocido,Desconocido,Desconocido-Desconocido,920,24,34,34,52,24,216,22,10,50,30,12,92,0,10,116,80,94,62,14,250
C,,,12,136,Desconocido,Desconocido,Desconocido-Desconocido,820,20,28,30,50,16,160,26,12,46,28,16,90,12,0,92,76,98,50,10,234
C,,,11,141,Desconocido,Desconocido,Desconocido-Desconocido,980,20,30,34,60,24,168,26,12,50,28,18,96,0,0,126,90,120,66,14,290
C,,,13,135,Desconocido,Desconocido,Desconocido-Desconocido,920,14,32,32,60,21,168,22,10,58,30,14,102,16,10,120,86,110,62,14,272
C,,,13,138,Adulto,Hembra,Adulto-Hembra,1080,22,38,40,64,34,208,28,12,56,28,18,102,14,10,126,92,120,68,20,300
C,,,12,142,Desconocido,Desconocido,Desconocido-Desconocido,960,24,34,40,60,31,184,26,12,50,30,18,98,14,0,110,90,110,62,14,276
C,,,9,135,Desconocido,Desconocido,Desconocido-Desconocido,960,22,32,34,58,25,160,22,12,52,28,14,94,0,10,120,82,104,60,14,260
C,,,8,139,Desconocido,Desconocido,Desconocido-Desconocido,960,22,30,36,62,27,160,26,12,40,30,16,86,0,0,130,94,112,62,16,284
C,,,9,142,Desconocido,Desconocido,Desconocido-Desconocido,940,22,32,36,58,26,168,26,10,48,26,16,90,18,8,110,88,110,70,0,268
C,,,10,137,Desconocido,Desconocido,Desconocido-Desconocido,960,20,36,38,60,29,176,24,12,50,30,14,94,12,10,120,90,88,56,14,248
C,,,11,143,Desconocido,Desconocido,Desconocido-Desconocido,900,20,30,34,56,22,184,22,12,46,26,14,86,14,0,106,90,104,58,14,266
C,,,15,132,Joven,Desconocido,Joven-Desconocido,660,16,24,26,50,10,120,18,8,30,20,10,60,8,0,86,60,70,40,12,182
C,,,13,143,Joven,Desconocido,Joven-Desconocido,680,16,26,28,46,10,120,16,8,30,18,10,58,10,0,80,56,68,40,10,174
C,,,8,136,Joven,Desconocido,Joven-Desconocido,700,18,28,28,50,14,120,16,8,42,20,10,72,8,6,88,62,80,48,10,200
C,,,9,143,Joven,Desconocido,Joven-Desconocido,620,18,20,30,50,11,120,14,8,30,24,10,64,12,0,80,60,66,36,10,172
C,,,11,137,Joven,Desconocido,Joven-Desconocido,920,24,32,32,60,26,208,24,10,48,28,14,90,14,0,120,82,106,64,16,268
C,,,11,140,Joven,Desconocido,Joven-Desconocido,900,22,30,38,52,23,168,20,12,50,28,12,90,14,0,100,84,102,62,10,258
C,,,10,144,Desconocido,Desconocido,Desconocido-Desconocido,920,22,32,32,62,26,184,24,12,46,26,14,86,16,8,106,80,112,46,14,252
C,,,12,139,Desconocido,Desconocido,Desconocido-Desconocido,860,24,36,32,52,24,160,22,12,40,30,14,84,12,0,108,80,94,50,14,238
C,,,11,140,Joven,Desconocido,Joven-Desconocido,940,24,30,36,58,26,168,26,10,42,28,14,84,14,10,120,102,108,54,18,282
C,,,10,143,Desconocido,Desconocido,Desconocido-Desconocido,940,20,30,34,60,24,184,24,10,44,28,18,90,16,0,92,80,110,64,14,268
D,C,Izquierdo,12,136,Desconocido,Desconocido,Desconocido-Desconocido,1100,20,38,40,66,34,192,30,14,60,36,18,114,10,0,122,90,130,68,14,302
D,C,Izquierdo,12,140,Desconocido,Desconocido,Desconocido-Desconocido,900,20,32,34,56,23,152,24,12,42,30,14,86,14,0,100,80,100,56,20,256
D,C,Izquierdo,12,143,Joven,Desconocido,Joven-Desconocido,1140,20,34,40,66,32,208,28,12,50,30,18,98,16,0,146,90,110,70,20,290
D,C,Izquierdo,11,134,Preadulto,Hembra,Preadulto-Hembra,960,24,32,38,60,29,200,26,12,46,36,16,98,14,10,110,82,110,66,26,284
D,C,Izquierdo,11,137,Desconocido,Desconocido,Desconocido-Desconocido,1140,22,38,38,64,33,192,30,14,50,38,16,104,12,0,150,98,132,74,22,326
D,C,Izquierdo,12,140,Joven,Desconocido,Joven-Desconocido,940,20,30,34,60,24,184,24,12,40,34,18,92,16,0,100,80,106,54,28,268
D,C,Izquierdo,12,135,Desconocido,Desconocido,Desconocido-Desconocido,900,12,40,32,52,20,176,24,12,48,30,14,92,14,0,100,80,112,72,20,284
D,C,Izquierdo,11,140,Preadulto,Hembra,Preadulto-Hembra,1000,20,38,36,62,30,192,28,12,48,36,18,102,16,0,108,92,108,58,24,282
D,C,Izquierdo,12,134,Joven,Desconocido,Joven-Desconocido,940,22,34,34,58,26,200,26,12,50,30,16,96,16,0,108,82,106,64,20,272
D,C,Izquierdo,11,140,Adulto,Hembra,Adulto-Hembra,1120,24,40,42,70,40,192,28,10,0,0,0,0,0,0,0,0,0,0,0,0
D,C,Izquierdo,10,143,Desconocido,Desconocido,Desconocido-Desconocido,740,20,24,26,48,11,136,20,10,0,22,10,32,0,0,86,60,80,42,12,194
D,C,Izquierdo,13,136,Desconocido,Desconocido,Desconocido-Desconocido,920,20,32,36,56,24,192,24,12,50,26,16,92,14,0,102,80,100,72,20,272
D,C,Izquierdo,13,140,Desconocido,Desconocido,Desconocido-Desconocido,940,22,32,38,54,25,168,24,12,40,24,16,80,14,0,104,86,100,76,22,284
D,C,Izquierdo,12,143,Desconocido,Desconocido,Desconocido-Desconocido,980,22,32,34,56,24,168,24,12,48,30,16,94,16,0,110,84,110,72,22,288
E,C,Izquierdo,12,135,Adulto,Macho,Adulto-Macho,1000,20,36,40,62,31,168,26,12,50,30,12,92,16,0,120,90,110,48,30,278
E,C,Izquierdo,13,138,Desconocido,Desconocido,Desconocido-Desconocido,720,18,26,26,30,3,128,20,10,40,22,8,70,16,0,86,58,74,46,10,188
E,C,Izquierdo,13,142,Desconocido,Desconocido,Desconocido-Desconocido,880,20,28,36,54,21,160,20,10,40,30,14,84,16,0,104,80,86,48,20,234
F,C,Derecho,9,134,Desconocido,Desconocido,Desconocido-Desconocido,1020,22,30,34,62,26,168,32,16,52,32,18,102,0,0,124,104,120,78,20,322
F,C,Derecho,12,138,Desconocido,Desconocido,Desconocido-Desconocido,1280,30,46,50,80,55,272,36,18,64,40,20,124,0,0,150,116,150,92,26,384
F,C,Derecho,12,141,Desconocido,Desconocido,Desconocido-Desconocido,1480,32,54,50,84,62,272,40,18,74,42,22,138,14,0,174,148,168,100,40,456
F,C,Derecho,10,136,Adulto,Hembra,Adulto-Hembra,1720,42,66,58,96,80,320,46,20,88,50,18,156,0,0,194,150,210,120,32,512
F,C,Derecho,12,138,Adulto,Hembra,Adulto-Hembra,1700,36,64,66,94,79,296,42,20,90,48,24,162,0,0,226,150,216,136,24,526
F,C,Derecho,11,141,Adulto,Hembra,Adulto-Hembra,1760,38,68,72,100,83,296,46,20,84,50,24,158,0,0,212,162,210,114,22,508
F,C,Derecho,12,135,Adulto,Macho,Adulto-Macho,1180,32,48,44,76,52,224,34,14,56,32,22,110,18,0,150,100,140,78,20,338
F,C,Derecho,13,139,Desconocido,Desconocido,Desconocido-Desconocido,1400,34,46,50,80,57,232,38,18,0,0,20,20,18,10,160,120,154,60,40,374
F,C,Derecho,12,142,Desconocido,Desconocido,Desconocido-Desconocido,1720,32,50,52,86,62,240,40,20,60,44,20,124,20,0,180,140,176,108,16,440
F,C,Derecho,8,139,Adulto,Macho,Adulto-Macho,1360,24,50,50,76,52,216,32,12,50,40,20,110,0,0,170,110,150,70,20,350
F,C,Derecho,9,143,Desconocido,Desconocido,Desconocido-Desconocido,1160,28,40,40,70,41,208,30,12,50,40,14,104,16,10,142,100,134,70,22,326
F,C,Derecho,12,138,Adulto,Hembra,Adulto-Hembra,1800,34,66,68,96,81,304,50,20,80,54,30,164,0,0,246,166,224,124,22,536
F,C,Derecho,12,141,Desconocido,Desconocido,Desconocido-Desconocido,1500,26,50,56,88,62,256,38,20,60,0,0,60,0,0,170,112,170,100,0,382
F,C,Derecho,12,143,Desconocido,Desconocido,Desconocido-Desconocido,1400,32,50,48,80,57,240,40,18,70,40,18,128,20,10,160,126,162,90,26,404
F,C,Derecho,11,138,Adulto,Hembra,Adulto-Hembra,1320,32,50,50,72,54,208,34,16,70,38,16,124,20,12,150,122,160,100,20,402
F,C,Derecho,12,142,Preadulto,Macho,Preadulto-Macho,1220,24,38,42,72,40,216,30,16,66,32,18,116,16,0,150,110,144,88,16,358
F,C,Derecho,11,132,Desconocido,Desconocido,Desconocido-Desconocido,1120,20,26,36,64,25,184,28,12,60,30,18,108,0,0,110,90,112,70,18,290
F,C,Derecho,13,138,Preadulto,Hembra,Preadulto-Hembra,1140,22,38,42,68,37,184,30,14,60,34,18,112,16,8,128,110,128,78,14,330
F,C,Derecho,11,143,Adulto,Hembra,Adulto-Hembra,1180,24,42,46,66,41,224,30,14,60,32,16,108,16,0,150,110,138,80,18,346
F,C,Derecho,11,134,Desconocido,Desconocido,Desconocido-Desconocido,980,24,34,36,60,29,184,30,12,60,30,18,108,16,0,110,92,118,62,18,290
F,C,Derecho,13,139,Desconocido,Desconocido,Desconocido-Desconocido,960,22,38,42,58,32,184,26,12,60,28,14,102,16,0,116,90,106,66,16,278
F,C,Derecho,11,138,Desconocido,Desconocido,Desconocido-Desconocido,1000,20,30,40,66,30,176,28,12,52,30,16,98,16,0,120,88,110,70,20,288
F,C,Derecho,11,141,Desconocido,Desconocido,Desconocido-Desconocido,1080,22,36,38,68,34,184,26,10,60,34,14,108,18,0,130,100,110,0,0,210
G,C,Central,14,132,Desconocido,Desconocido,Desconocido-Desconocido,780,18,30,30,50,16,136,20,10,0,26,14,40,12,6,106,70,88,66,24,248
G,C,Central,12,135,Desconocido,Desconocido,Desconocido-Desconocido,1380,22,48,54,80,54,200,36,16,70,40,22,132,16,12,198,124,168,94,26,412
G,C,Central,13,139,Desconocido,Desconocido,Desconocido-Desconocido,1580,32,62,60,84,71,272,36,16,70,46,16,132,22,0,200,136,182,108,48,474
G,C,Central,13,139,Adulto,Hembra,Adulto-Hembra,1800,28,60,60,94,73,240,44,20,90,46,22,158,22,0,206,164,218,148,46,576
G,C,Central,13,143,Adulto,Hembra,Adulto-Hembra,1320,26,48,50,70,49,240,36,14,70,40,20,130,18,6,170,114,154,60,26,354
G,C,Central,11,137,Adulto,Hembra,Adulto-Hembra,1420,30,56,50,80,60,240,34,12,70,46,20,136,16,0,186,124,166,94,32,416
G,C,Central,11,140,Adulto,Macho,Adulto-Macho,1320,30,50,56,78,59,240,34,18,70,40,22,132,12,0,150,120,158,88,22,388
G,C,Central,13,135,Desconocido,Desconocido,Desconocido-Desconocido,1300,30,46,46,78,52,240,30,14,70,34,18,122,18,0,172,120,152,84,20,376
G,C,Central,12,139,Adulto,Macho,Adulto-Macho,1160,32,42,44,72,47,224,30,14,64,30,18,112,18,0,138,100,140,70,20,330
G,C,Central,12,142,Desconocido,Desconocido,Desconocido-Desconocido,980,24,38,42,64,36,200,28,12,48,30,14,92,14,10,110,86,116,50,18,270
H,D,Izquierdo,11,136,Desconocido,Desconocido,Desconocido-Desconocido,1260,32,42,44,72,47,200,30,16,50,36,18,104,18,12,150,100,142,80,24,346
H,D,Izquierdo,11,139,Desconocido,Desconocido,Desconocido-Desconocido,1260,30,50,48,68,50,200,30,12,78,36,18,132,14,0,0,0,126,70,18,214
H,D,Izquierdo,14,133,Joven,Desconocido,Joven-Desconocido,720,18,30,28,48,14,144,16,10,40,22,10,72,10,0,84,60,70,44,8,182
H,D,Izquierdo,13,139,Joven,Desconocido,Joven-Desconocido,700,16,24,28,50,11,128,20,10,40,22,8,70,12,0,80,60,66,42,8,176
I,A,Izquierdo,17,141,Adulto,Hembra,Adulto-Hembra,1580,32,58,52,82,64,240,36,18,80,44,24,148,0,0,190,134,150,122,30,436
I,A,Izquierdo,14,137,Adulto,Hembra,Adulto-Hembra,1680,34,60,52,88,69,256,40,18,70,46,22,138,0,10,208,130,170,108,46,454
I,A,Izquierdo,10,139,Adulto,Hembra,Adulto-Hembra,1520,36,56,54,86,68,248,38,18,80,50,20,150,0,0,186,130,178,80,20,408
I,A,Izquierdo,12,142,Preadulto,Hembra,Preadulto-Hembra,1340,30,52,50,78,57,216,34,12,52,40,20,112,12,0,164,0,120,104,22,246
I,A,Izquierdo,14,138,Joven,Desconocido,Joven-Desconocido,840,20,34,38,58,27,200,20,8,20,36,10,66,14,10,98,58,92,58,20,228
I,A,Izquierdo,15,141,Joven,Desconocido,Joven-Desconocido,1040,24,44,40,62,37,200,26,12,50,32,14,96,16,0,126,90,126,70,20,306
I,A,Izquierdo,11,139,Joven,Desconocido,Joven-Desconocido,1100,20,44,46,68,41,208,28,12,60,30,16,106,18,0,130,94,134,60,22,310
I,A,Izquierdo,11,142,Joven,Desconocido,Joven-Desconocido,1200,26,46,40,70,43,176,30,14,70,30,20,120,18,0,144,104,140,84,24,352
I,A,Izquierdo,12,137,Joven,Desconocido,Joven-Desconocido,1220,22,48,50,70,47,208,30,14,64,40,20,124,20,0,154,80,152,90,20,342
I,A,Izquierdo,12,141,Joven,Desconocido,Joven-Desconocido,1220,24,46,46,70,45,200,30,12,50,34,20,104,20,0,140,110,150,90,20,370
I,A,Izquierdo,8,136,Desconocido,Desconocido,Desconocido-Desconocido,1500,30,50,54,82,60,240,36,14,0,0,18,18,20,0,200,136,170,110,20,436
I,A,Izquierdo,9,138,Adulto,Hembra,Adulto-Hembra,1480,30,50,58,90,66,256,40,16,66,36,20,122,24,0,200,140,170,100,22,432
I,A,Izquierdo,10,142,Adulto,Macho,Adulto-Macho,1260,28,46,44,74,48,208,28,12,70,40,20,130,20,0,140,120,160,90,20,390
I,A,Izquierdo,11,136,Desconocido,Desconocido,Desconocido-Desconocido,1540,34,56,56,68,59,256,40,18,86,50,20,156,26,14,182,146,192,110,18,466
I,A,Izquierdo,12,140,Adulto,Hembra,Adulto-Hembra,1380,30,46,44,80,52,240,34,12,70,40,22,132,22,0,160,116,134,94,18,362
I,A,Izquierdo,11,142,Desconocido,Desconocido,Desconocido-Desconocido,800,18,30,34,54,20,160,24,10,30,24,14,68,14,0,94,44,90,52,20,206
I,A,Izquierdo,14,138,Desconocido,Desconocido,Desconocido-Desconocido,1200,28,44,48,70,47,200,26,10,0,0,12,12,18,10,160,104,142,70,30,346
I,A,Izquierdo,14,141,Adulto,Hembra,Adulto-Hembra,1240,30,40,44,72,45,208,30,16,80,30,20,130,20,0,140,110,166,78,20,374
I,A,Izquierdo,13,144,Adulto,Hembra,Adulto-Hembra,1240,40,40,40,70,47,208,32,16,80,30,20,130,0,0,148,112,156,90,20,378
I,A,Izquierdo,8,139,Desconocido,Desconocido,Desconocido-Desconocido,1160,28,40,46,72,45,216,30,14,70,30,20,120,20,0,128,100,134,76,20,330
I,A,Izquierdo,9,143,Adulto,Macho,Adulto-Macho,1160,26,44,44,66,42,216,30,12,80,38,18,136,12,0,146,110,140,80,20,350
I,A,Izquierdo,10,138,Adulto,Hembra,Adulto-Hembra,1240,34,44,48,68,49,200,32,14,70,34,20,124,16,0,146,110,140,74,22,346
I,A,Izquierdo,11,141,Adulto,Hembra,Adulto-Hembra,1200,26,50,50,72,51,200,26,12,70,38,20,128,20,10,144,112,148,84,20,364
I,A,Izquierdo,10,143,Joven,Desconocido,Joven-Desconocido,720,20,28,30,50,16,144,18,8,36,16,12,64,10,0,90,58,76,44,10,188
I,A,Izquierdo,14,140,Adulto,Hembra,Adulto-Hembra,1180,22,40,42,70,39,232,32,16,60,34,20,114,20,0,156,106,140,80,20,346
I,A,Izquierdo,10,138,Desconocido,Desconocido,Desconocido-Desconocido,1280,26,52,46,76,52,216,32,14,80,30,22,132,20,0,166,130,160,106,28,424
I,A,Izquierdo,10,142,Adulto,Hembra,Adulto-Hembra,1240,30,48,46,76,52,224,34,16,70,38,20,128,20,0,154,112,152,86,22,372
I,A,Izquierdo,13,138,Desconocido,Desconocido,Desconocido-Desconocido,1180,26,40,44,68,41,208,30,14,60,30,20,110,18,0,144,90,130,68,18,306
I,A,Izquierdo,13,141,Desconocido,Desconocido,Desconocido-Desconocido,1200,28,40,44,70,43,224,30,14,60,34,20,114,20,0,140,104,138,80,18,340
I,A,Izquierdo,9,136,Adulto,Macho,Adulto-Macho,1400,30,56,54,72,58,224,36,18,66,40,20,126,20,12,186,134,174,100,16,424
I,A,Izquierdo,7,139,Adulto,Hembra,Adulto-Hembra,1380,30,48,50,80,56,240,34,16,60,40,22,122,20,0,154,122,164,98,20,404
I,A,Izquierdo,10,141,Adulto,Hembra,Adulto-Hembra,1540,30,60,54,82,65,232,40,18,84,40,22,146,20,0,186,136,190,106,20,452
I,A,Izquierdo,13,135,Desconocido,Desconocido,Desconocido-Desconocido,1100,26,44,46,76,48,216,30,12,60,32,20,112,18,10,144,106,140,80,20,346
I,A,Izquierdo,14,139,Adulto,Macho,Adulto-Macho,1200,28,42,46,78,49,192,30,14,70,40,18,128,20,12,140,114,130,74,16,334
I,A,Izquierdo,10,135,Adulto,Hembra,Adulto-Hembra,1200,26,44,42,76,46,200,32,16,60,32,16,108,20,10,170,114,152,80,14,360
I,A,Izquierdo,8,138,Adulto,Macho,Adulto-Macho,1420,30,46,54,88,61,240,34,18,80,44,18,142,22,12,180,116,148,108,32,404
I,A,Izquierdo,11,140,Desconocido,Desconocido,Desconocido-Desconocido,1200,24,42,42,72,42,200,30,14,80,34,18,132,20,0,154,104,140,80,28,352
I,A,Izquierdo,14,138,Adulto,Hembra,Adulto-Hembra,1320,24,48,48,74,49,240,36,16,70,40,22,132,18,0,140,126,166,100,18,410
I,A,Izquierdo,14,143,Desconocido,Desconocido,Desconocido-Desconocido,1300,30,50,52,78,57,224,34,16,76,38,20,134,20,0,130,118,160,98,18,394
I,A,Izquierdo,9,142,Joven,Desconocido,Joven-Desconocido,940,16,30,32,64,23,160,30,10,60,30,20,110,20,0,114,96,116,74,20,306
I,A,Izquierdo,10,138,Desconocido,Desconocido,Desconocido-Desconocido,1300,30,50,42,80,53,240,36,14,70,40,18,128,18,12,110,124,162,104,20,410
I,A,Izquierdo,15,138,Desconocido,Desconocido,Desconocido-Desconocido,920,22,32,34,60,26,184,24,10,44,30,18,92,0,0,120,82,126,68,12,288
I,A,Izquierdo,13,143,Desconocido,Desconocido,Desconocido-Desconocido,1240,22,54,48,74,51,208,34,14,70,40,18,128,20,12,160,124,162,84,16,386
I,A,Izquierdo,10,139,Adulto,Macho,Adulto-Macho,1540,32,60,56,96,74,272,40,16,72,40,20,132,24,0,180,140,156,70,30,396
I,A,Izquierdo,10,143,Adulto,Hembra,Adulto-Hembra,1460,30,52,56,86,64,240,40,18,82,42,20,144,22,0,194,134,182,108,24,448
I,A,Izquierdo,14,135,Desconocido,Desconocido,Desconocido-Desconocido,1380,32,52,44,80,56,280,42,18,60,40,22,122,20,0,180,120,170,86,30,406
I,A,Izquierdo,13,140,Adulto,Macho,Adulto-Macho,1300,26,46,48,76,50,240,36,16,60,40,20,120,20,10,170,124,146,94,22,386
I,A,Izquierdo,8,135,Adulto,Hembra,Adulto-Hembra,1200,24,40,48,76,46,224,32,14,80,40,18,138,20,0,148,116,132,80,14,342
I,A,Izquierdo,9,139,Desconocido,Desconocido,Desconocido-Desconocido,1440,28,44,50,82,54,264,38,18,80,40,18,138,20,0,190,150,180,90,18,438
I,A,Izquierdo,13,134,Desconocido,Desconocido,Desconocido-Desconocido,1120,28,42,46,70,45,208,34,14,80,34,20,134,20,0,134,100,144,84,16,344
I,A,Izquierdo,13,137,Desconocido,Desconocido,Desconocido-Desconocido,1460,30,52,54,82,61,272,42,18,80,40,20,140,28,0,184,132,196,90,0,418
I,A,Izquierdo,13,140,Desconocido,Desconocido,Desconocido-Desconocido,1040,22,34,40,60,30,176,26,12,0,0,0,0,18,0,130,80,110,50,22,262
I,A,Izquierdo,10,135,Adulto,Hembra,Adulto-Hembra,1400,34,50,50,84,61,272,40,18,88,44,22,154,22,10,182,132,190,108,20,450
I,A,Izquierdo,10,139,Desconocido,Desconocido,Desconocido-Desconocido,1360,24,50,46,70,47,224,38,18,80,42,22,144,24,0,174,120,166,90,22,398
I,A,Izquierdo,12,134,Desconocido,Desconocido,Desconocido-Desconocido,1540,36,58,54,84,68,280,36,20,80,40,22,142,20,0,188,142,190,102,26,460
I,A,Izquierdo,12,137,Desconocido,Desconocido,Desconocido-Desconocido,1300,30,40,48,70,46,232,36,16,60,40,22,122,18,0,164,110,148,82,20,360
I,A,Izquierdo,8,134,Adulto,Hembra,Adulto-Hembra,1220,30,46,44,72,48,216,34,14,90,34,20,144,20,0,140,106,148,86,20,360
I,A,Izquierdo,9,137,Desconocido,Desconocido,Desconocido-Desconocido,1420,30,58,54,80,63,272,44,18,80,42,20,142,20,0,172,122,168,84,22,396
I,A,Izquierdo,13,134,Desconocido,Desconocido,Desconocido-Desconocido,1560,34,56,58,88,70,280,44,20,90,40,24,154,24,0,198,144,196,104,26,470
I,A,Izquierdo,13,137,Desconocido,Desconocido,Desconocido-Desconocido,1240,22,42,48,76,46,232,34,16,90,36,22,148,18,0,160,112,150,90,20,372
I,A,Izquierdo,12,139,Desconocido,Desconocido,Desconocido-Desconocido,1340,32,48,52,80,58,248,36,18,80,40,20,140,22,0,180,124,150,86,22,382
I,A,Izquierdo,9,135,Adulto,Hembra,Adulto-Hembra,1600,32,40,44,72,46,232,32,18,86,30,22,138,18,0,146,110,142,84,16,352
I,A,Izquierdo,8,138,Desconocido,Desconocido,Desconocido-Desconocido,1380,32,52,52,78,59,280,40,20,110,44,22,176,26,12,160,126,174,100,26,426
I,A,Izquierdo,15,137,Desconocido,Desconocido,Desconocido-Desconocido,1280,30,44,40,72,45,200,34,16,80,36,18,134,20,0,160,112,144,78,30,364
I,A,Izquierdo,15,140,Desconocido,Desconocido,Desconocido-Desconocido,1300,0,0,0,0,2,208,38,18,60,40,22,122,20,0,160,120,130,64,30,344
I,A,Izquierdo,13,142,Desconocido,Desconocido,Desconocido-Desconocido,1440,26,44,50,80,52,240,40,20,80,40,20,140,20,0,194,126,160,52,26,364
I,A,Izquierdo,10,141,Desconocido,Desconocido,Desconocido-Desconocido,1600,34,60,62,86,73,304,42,18,60,48,24,132,26,0,188,144,192,100,20,456
I,A,Izquierdo,9,138,Adulto,Hembra,Adulto-Hembra,1360,30,46,48,72,50,232,38,16,66,60,18,144,20,0,160,120,150,96,22,388
I,A,Izquierdo,8,136,Desconocido,Desconocido,Desconocido-Desconocido,1300,28,46,48,74,50,224,36,16,80,40,18,138,22,0,160,110,142,90,20,362
I,A,Izquierdo,12,135,Adulto,Hembra,Adulto-Hembra,1540,30,52,52,80,59,264,44,16,80,50,24,154,18,0,180,130,170,90,24,414
J,A,Derecho,11,136,Desconocido,Desconocido,Desconocido-Desconocido,1380,30,48,48,78,54,224,34,18,60,28,12,100,20,0,190,130,160,84,20,394
J,A,Derecho,12,139,Adulto,Macho,Adulto-Macho,1080,22,36,46,70,39,208,30,10,60,30,18,108,0,12,152,90,132,84,12,318
J,A,Derecho,8,136,Desconocido,Desconocido,Desconocido-Desconocido,1480,32,54,56,88,67,248,40,18,80,40,18,138,22,10,196,136,182,92,20,430
J,A,Derecho,8,139,Desconocido,Desconocido,Desconocido-Desconocido,1240,30,50,46,76,53,240,32,12,80,32,20,132,22,0,180,120,162,88,20,390
J,A,Derecho,14,137,Desconocido,Desconocido,Desconocido-Desconocido,1360,38,60,46,76,62,216,32,12,80,26,10,116,22,0,150,110,160,0,0,270
J,A,Derecho,13,141,Adulto,Macho,Adulto-Macho,1520,30,60,56,84,67,264,42,20,86,46,22,154,20,14,192,130,144,90,32,396
J,A,Derecho,11,136,Desconocido,Desconocido,Desconocido-Desconocido,1040,24,38,44,58,34,168,28,12,50,30,14,94,16,10,120,110,100,46,10,266
J,A,Derecho,11,139,Desconocido,Desconocido,Desconocido-Desconocido,1200,22,40,44,70,40,192,30,12,60,30,18,108,16,0,144,102,130,54,22,308
J,A,Derecho,10,142,Joven,Desconocido,Joven-Desconocido,780,20,32,38,56,25,160,20,8,40,30,16,86,14,8,88,70,68,56,24,218
J,A,Derecho,12,132,Joven,Desconocido,Joven-Desconocido,780,16,32,32,54,19,120,14,8,66,16,8,90,10,0,82,70,90,48,10,218
J,A,Derecho,11,137,Joven,Desconocido,Joven-Desconocido,680,18,26,28,46,11,120,16,10,40,20,8,68,8,0,80,60,72,28,8,168
J,A,Derecho,11,141,Joven,Desconocido,Joven-Desconocido,720,16,26,30,50,13,128,18,8,40,20,8,68,10,0,72,60,64,40,14,178
J,A,Derecho,16,135,Joven,Desconocido,Joven-Desconocido,660,14,26,30,50,12,136,18,8,44,20,10,74,10,0,74,54,70,44,10,178
J,A,Derecho,16,141,Joven,Desconocido,Joven-Desconocido,680,20,24,32,52,16,144,18,8,42,18,12,72,14,0,80,60,70,46,10,186
J,A,Derecho,11,135,Joven,Desconocido,Joven-Desconocido,680,20,28,28,50,15,144,18,8,40,20,10,70,10,8,88,60,74,44,10,188
J,A,Derecho,12,141,Joven,Desconocido,Joven-Desconocido,640,14,20,24,48,6,128,18,8,40,20,10,70,10,8,80,52,66,42,10,170
J,A,Derecho,8,135,Joven,Desconocido,Joven-Desconocido,880,20,30,36,60,25,224,22,10,40,20,10,70,14,0,116,78,96,60,12,246
J,A,Derecho,11,138,Joven,Desconocido,Joven-Desconocido,560,16,22,26,44,7,120,14,10,34,14,8,56,6,4,68,42,56,34,6,138
J,A,Derecho,7,140,Desconocido,Desconocido,Desconocido-Desconocido,840,18,26,34,52,17,152,20,10,46,24,10,80,12,0,104,68,74,30,10,182
J,A,Derecho,12,134,Desconocido,Desconocido,Desconocido-Desconocido,1220,24,38,44,74,42,192,32,12,80,30,12,122,18,0,150,110,138,80,10,338
J,A,Derecho,14,137,Joven,Desconocido,Joven-Desconocido,680,16,24,26,48,9,128,16,8,40,16,8,64,14,0,84,56,72,44,10,182
J,A,Derecho,13,141,Desconocido,Desconocido,Desconocido-Desconocido,1320,28,38,46,78,47,224,32,18,0,0,0,0,16,0,160,110,140,94,20,364
J,A,Derecho,12,141,Joven,Desconocido,Joven-Desconocido,700,16,28,28,50,13,120,18,10,36,18,10,64,12,0,80,60,74,44,10,188
J,A,Derecho,8,138,Adulto,Hembra,Adulto-Hembra,1200,28,48,48,70,49,208,30,14,60,34,18,112,16,12,138,108,140,82,16,346
J,A,Derecho,7,143,Desconocido,Desconocido,Desconocido-Desconocido,1100,24,42,40,66,38,200,24,12,60,28,14,102,0,10,130,100,124,80,14,318
J,A,Derecho,11,135,Preadulto,Hembra,Preadulto-Hembra,1060,28,38,38,62,35,176,30,10,60,30,12,102,12,0,120,102,110,60,14,286
J,A,Derecho,12,139,Desconocido,Desconocido,Desconocido-Desconocido,880,20,26,34,58,21,152,24,10,60,26,10,96,14,0,120,80,84,48,14,226
J,A,Derecho,11,142,Desconocido,Desconocido,Desconocido-Desconocido,840,22,30,32,54,21,160,20,10,60,26,14,100,14,0,106,70,80,48,20,218
J,A,Derecho,14,131,Joven,Desconocido,Joven-Desconocido,700,20,26,26,48,12,128,18,10,40,18,12,70,12,0,80,52,72,40,8,172
J,A,Derecho,13,137,Desconocido,Desconocido,Desconocido-Desconocido,880,22,32,32,54,22,152,22,10,60,24,12,96,12,0,110,84,92,58,12,246
J,A,Derecho,13,141,Joven,Desconocido,Joven-Desconocido,720,18,26,28,50,13,128,20,10,40,20,10,70,10,0,82,60,70,40,10,180
J,A,Derecho,10,136,Preadulto,Macho,Preadulto-Macho,800,20,30,28,52,17,128,20,10,60,22,10,92,12,10,100,64,80,50,12,206
J,A,Derecho,10,140,Desconocido,Desconocido,Desconocido-Desconocido,960,20,36,36,60,28,192,24,10,60,28,14,102,14,0,112,90,110,66,14,280
J,A,Derecho,10,143,Desconocido,Desconocido,Desconocido-Desconocido,900,20,32,34,52,21,168,22,10,50,24,14,88,12,12,106,72,100,60,12,244
J,A,Derecho,8,136,Desconocido,Desconocido,Desconocido-Desconocido,720,18,26,28,50,13,144,18,10,50,18,10,78,12,8,80,60,80,50,10,200
K,B,Izquierdo,15,137,Adulto,Hembra,Adulto-Hembra,1380,26,44,52,74,50,240,32,12,60,40,18,118,18,10,160,124,140,70,20,354
K,B,Izquierdo,14,141,Adulto,Hembra,Adulto-Hembra,1480,30,56,52,84,63,248,40,20,84,42,20,146,0,0,196,138,0,0,30,168
K,B,Izquierdo,11,136,Adulto,Hembra,Adulto-Hembra,1240,28,48,46,72,49,208,32,16,60,36,18,114,18,10,130,110,140,84,14,348
K,B,Izquierdo,11,140,Adulto,Hembra,Adulto-Hembra,1320,24,48,48,74,49,224,34,16,60,42,20,122,0,10,152,120,130,90,20,360
K,B,Izquierdo,14,134,Joven,Desconocido,Joven-Desconocido,840,18,26,34,56,19,120,24,10,54,24,14,92,14,0,104,74,94,60,12,240
K,B,Izquierdo,15,138,Joven,Desconocido,Joven-Desconocido,840,16,28,34,58,20,152,22,8,60,24,12,96,0,0,100,70,92,48,14,224
K,B,Izquierdo,14,142,Joven,Desconocido,Joven-Desconocido,820,14,28,32,54,16,152,18,8,50,24,12,86,12,0,98,68,76,50,12,206
K,B,Izquierdo,9,137,Joven,Desconocido,Joven-Desconocido,580,16,26,0,0,84,128,18,10,42,18,10,70,12,0,80,60,80,50,14,204
K,B,Izquierdo,9,140,Joven,Desconocido,Joven-Desconocido,640,14,22,26,50,8,120,16,6,38,20,10,68,0,0,68,56,84,48,10,198
K,B,Izquierdo,10,144,Joven,Desconocido,Joven-Desconocido,880,22,32,34,56,24,160,20,10,44,24,12,80,14,0,106,72,94,64,14,244
K,B,Izquierdo,15,135,Desconocido,Desconocido,Desconocido-Desconocido,800,22,30,32,54,21,152,20,10,40,24,10,74,14,0,90,72,90,50,10,222
K,B,Izquierdo,14,137,Desconocido,Desconocido,Desconocido-Desconocido,900,22,32,36,58,26,152,24,12,42,24,12,78,12,10,110,78,94,60,12,244
K,B,Izquierdo,13,142,Desconocido,Desconocido,Desconocido-Desconocido,1500,32,54,52,86,64,240,36,18,80,44,18,142,0,0,186,120,170,104,22,416
K,B,Izquierdo,8,137,Adulto,Hembra,Adulto-Hembra,960,18,30,36,56,22,152,22,8,40,30,12,82,16,0,110,82,116,64,16,278
K,B,Izquierdo,7,140,Desconocido,Desconocido,Desconocido-Desconocido,880,18,28,36,56,21,152,22,8,60,30,12,102,12,0,108,80,88,50,12,230
K,B,Izquierdo,9,145,Desconocido,Desconocido,Desconocido-Desconocido,800,18,24,32,56,17,152,20,10,60,30,10,100,12,0,90,70,82,50,10,212
K,B,Izquierdo,13,137,Adulto,Macho,Adulto-Macho,1260,26,50,46,72,49,216,34,16,50,40,18,108,14,0,160,100,110,70,24,304
K,B,Izquierdo,15,140,Desconocido,Desconocido,Desconocido-Desconocido,1120,22,42,42,66,38,176,28,14,60,32,14,106,16,0,130,90,108,40,26,264
K,B,Izquierdo,12,143,Desconocido,Desconocido,Desconocido-Desconocido,1460,30,50,56,82,61,240,40,20,80,44,22,146,20,12,184,130,180,112,18,440
K,B,Izquierdo,14,137,Adulto,Hembra,Adulto-Hembra,1260,26,46,46,74,48,200,30,12,76,40,20,136,16,0,142,106,146,98,22,372
K,B,Izquierdo,14,140,Adulto,Hembra,Adulto-Hembra,1300,28,46,46,76,50,208,34,16,100,40,20,160,16,0,158,130,140,60,24,354
K,B,Izquierdo,11,136,Adulto,Hembra,Adulto-Hembra,1200,26,46,46,74,48,200,34,14,50,36,18,104,0,0,140,120,130,60,22,332
K,B,Izquierdo,11,140,Adulto,Hembra,Adulto-Hembra,1400,30,54,54,82,62,232,36,18,70,44,20,134,18,0,180,130,138,62,30,360
K,B,Izquierdo,12,135,Adulto,Macho,Adulto-Macho,1380,30,56,58,78,63,256,38,16,70,50,18,138,18,0,170,114,168,90,22,394
K,B,Izquierdo,12,139,Adulto,Hembra,Adulto-Hembra,1280,22,46,54,74,50,216,36,16,70,40,22,132,14,0,160,110,126,70,20,326
K,B,Izquierdo,9,135,Desconocido,Desconocido,Desconocido-Desconocido,1380,30,56,54,84,64,240,40,16,70,44,20,134,18,10,170,120,142,82,22,366
K,B,Izquierdo,9,139,Desconocido,Desconocido,Desconocido-Desconocido,1660,34,60,58,92,74,264,44,20,80,50,26,156,0,0,200,164,190,70,40,464
K,B,Izquierdo,9,138,Desconocido,Desconocido,Desconocido-Desconocido,1080,24,40,42,62,36,184,26,10,60,34,14,108,16,0,130,100,104,0,0,204
K,B,Izquierdo,9,141,Adulto,Hembra,Adulto-Hembra,1480,34,60,56,86,70,240,38,18,80,46,18,144,16,0,180,150,176,110,22,458
K,B,Izquierdo,13,142,Adulto,Macho,Adulto-Macho,1380,26,50,52,86,59,216,38,12,70,40,20,130,16,10,160,140,156,88,24,408
K,B,Izquierdo,13,139,Desconocido,Desconocido,Desconocido-Desconocido,1260,24,44,48,74,47,216,30,14,70,36,18,124,20,0,160,118,134,60,26,338
K,B,Izquierdo,14,137,Adulto,Hembra,Adulto-Hembra,1320,30,46,46,76,51,224,34,14,80,40,18,138,16,0,170,114,152,90,14,370
K,B,Izquierdo,10,135,Preadulto,Macho,Preadulto-Macho,1340,32,50,50,80,58,232,34,14,0,0,0,0,22,10,182,124,154,76,20,374
K,B,Izquierdo,10,139,Adulto,Hembra,Adulto-Hembra,1300,30,48,46,100,64,240,30,14,60,36,18,114,12,0,152,116,152,90,12,370
K,B,Izquierdo,16,135,Joven,Desconocido,Joven-Desconocido,840,20,28,32,56,20,168,22,12,50,24,14,88,14,8,100,72,90,64,14,240
K,B,Izquierdo,15,139,Joven,Desconocido,Joven-Desconocido,920,24,32,36,56,26,168,22,12,56,24,12,92,16,0,104,80,90,0,0,170
K,B,Izquierdo,13,141,Joven,Desconocido,Joven-Desconocido,860,18,26,30,56,17,152,20,8,46,24,14,84,14,0,100,74,80,48,16,218
K,B,Izquierdo,11,138,Preadulto,Hembra,Preadulto-Hembra,1360,24,50,50,82,55,200,36,16,70,34,22,126,18,10,172,126,152,90,20,388
K,B,Izquierdo,11,134,Preadulto,Hembra,Preadulto-Hembra,960,22,38,40,62,33,144,26,12,60,28,14,102,16,0,118,90,114,74,18,296
K,B,Izquierdo,16,136,Adulto,Hembra,Adulto-Hembra,1300,26,42,42,76,45,208,34,16,60,36,20,116,20,0,158,120,154,88,16,378
K,B,Izquierdo,15,139,Desconocido,Desconocido,Desconocido-Desconocido,1820,30,60,62,96,76,272,46,20,80,50,22,152,0,0,238,160,230,140,18,548
K,B,Izquierdo,11,139,Adulto,Hembra,Adulto-Hembra,1680,32,62,58,84,70,264,46,20,80,44,26,150,0,0,200,150,180,122,20,472
K,B,Izquierdo,10,135,Joven,Desconocido,Joven-Desconocido,800,18,24,24,56,13,160,26,10,54,32,16,102,16,8,110,76,104,60,16,256
K,B,Izquierdo,14,138,Adulto,Macho,Adulto-Macho,1400,32,48,52,80,58,200,40,18,80,34,22,136,0,10,174,128,166,92,16,402
K,B,Izquierdo,14,141,Desconocido,Desconocido,Desconocido-Desconocido,1480,38,58,50,86,68,264,40,20,0,0,0,0,16,0,190,150,160,102,32,444
K,B,Izquierdo,10,137,Adulto,Hembra,Adulto-Hembra,1340,30,52,50,78,57,232,34,16,80,50,18,148,0,12,170,120,162,90,16,388
K,B,Izquierdo,10,141,Adulto,Hembra,Adulto-Hembra,1560,26,48,48,84,55,240,38,18,80,50,20,150,0,0,200,140,160,110,18,428
K,B,Izquierdo,11,137,Adulto,Hembra,Adulto-Hembra,1840,38,60,62,100,79,312,44,14,80,60,24,164,20,0,230,174,218,114,40,546
K,B,Izquierdo,12,140,Preadulto,Macho,Preadulto-Macho,1360,26,50,50,80,55,240,38,18,80,36,20,136,20,0,160,120,160,106,32,418
K,B,Izquierdo,8,138,Desconocido,Desconocido,Desconocido-Desconocido,1240,24,38,50,80,48,240,32,16,70,36,20,126,0,0,148,110,156,90,20,376
K,B,Izquierdo,9,141,Adulto,Hembra,Adulto-Hembra,1360,26,46,50,80,53,240,36,16,80,40,20,140,20,0,158,120,170,102,12,404
K,B,Izquierdo,12,136,Adulto,Hembra,Adulto-Hembra,1500,28,54,58,88,66,240,40,16,90,42,24,156,0,10,190,132,198,110,28,468
K,B,Izquierdo,12,139,Adulto,Hembra,Adulto-Hembra,1480,30,54,48,76,56,248,40,16,60,42,20,122,20,0,180,0,170,100,28,298
K,B,Izquierdo,7,135,Desconocido,Desconocido,Desconocido-Desconocido,1080,24,40,42,68,39,200,28,12,50,30,16,96,18,8,144,96,80,76,12,264
K,B,Izquierdo,7,139,Desconocido,Desconocido,Desconocido-Desconocido,1000,26,30,30,60,25,208,26,12,70,32,18,120,16,0,118,90,110,72,20,292
K,B,Izquierdo,12,136,Desconocido,Desconocido,Desconocido-Desconocido,1300,28,48,50,80,55,184,34,18,80,40,22,142,20,0,190,120,150,82,20,372
K,B,Izquierdo,14,139,Preadulto,Macho,Preadulto-Macho,1380,28,48,50,76,53,248,28,14,60,46,20,126,20,0,172,128,160,94,28,410
K,B,Izquierdo,12,141,Desconocido,Desconocido,Desconocido-Desconocido,1240,26,46,44,72,46,208,32,14,60,30,18,108,20,8,140,116,130,70,20,336
K,B,Izquierdo,9,136,Desconocido,Desconocido,Desconocido-Desconocido,1400,32,50,52,96,67,248,40,20,60,42,20,122,20,8,190,130,174,100,20,424
K,B,Izquierdo,8,139,Preadulto,Macho,Preadulto-Macho,1260,26,44,46,76,48,216,34,16,60,40,20,120,20,10,158,120,156,84,20,380
K,B,Izquierdo,11,140,Desconocido,Desconocido,Desconocido-Desconocido,1560,32,50,56,82,62,280,42,16,70,42,20,132,20,8,190,148,200,120,30,498
K,B,Izquierdo,9,145,Adulto,Macho,Adulto-Macho,1240,26,42,46,76,47,200,34,16,60,34,20,114,18,0,160,114,150,86,20,370
K,B,Izquierdo,12,136,Joven,Desconocido,Joven-Desconocido,900,22,30,38,60,27,160,24,10,60,28,16,104,16,0,100,76,100,60,14,250
K,B,Izquierdo,13,139,Joven,Desconocido,Joven-Desconocido,980,32,34,38,58,33,120,22,10,60,26,18,104,12,10,100,88,116,70,20,294
K,B,Izquierdo,12,142,Desconocido,Desconocido,Desconocido-Desconocido,1060,24,40,42,66,38,200,26,12,60,32,14,106,18,0,124,94,120,72,14,300
K,B,Izquierdo,8,138,Adulto,Hembra,Adulto-Hembra,1080,22,36,42,62,33,192,30,16,70,28,18,116,14,0,122,100,120,72,16,308
K,B,Izquierdo,7,135,Joven,Desconocido,Joven-Desconocido,880,20,30,34,60,24,168,22,10,40,24,14,78,14,0,102,78,100,60,10,248
K,B,Izquierdo,6,141,Joven,Desconocido,Joven-Desconocido,840,18,30,32,54,19,160,22,10,54,24,10,88,14,0,100,70,100,60,14,244
K,B,Izquierdo,14,137,Joven,Desconocido,Joven-Desconocido,880,14,30,34,54,18,152,20,12,50,22,14,86,14,0,120,80,108,62,14,264
K,B,Izquierdo,12,142,Adulto,Hembra,Adulto-Hembra,1480,30,50,76,80,70,240,38,16,60,30,20,110,20,0,170,144,140,0,0,284
K,B,Izquierdo,9,140,Desconocido,Desconocido,Desconocido-Desconocido,1260,28,44,44,74,47,208,32,14,60,30,14,104,18,0,160,118,152,56,14,340
K,B,Izquierdo,9,143,Joven,Desconocido,Joven-Desconocido,920,18,32,34,60,24,176,24,10,60,26,12,98,14,0,120,90,100,62,12,264
K,B,Izquierdo,12,136,Joven,Desconocido,Joven-Desconocido,1080,26,38,42,70,40,192,28,12,70,30,18,118,16,0,130,100,130,70,18,318
K,B,Izquierdo,10,138,Joven,Desconocido,Joven-Desconocido,780,18,26,34,52,17,136,18,8,18,22,12,52,14,0,96,70,84,36,14,204
K,B,Izquierdo,12,141,Preadulto,Hembra,Preadulto-Hembra,1000,22,36,38,62,31,192,26,14,54,30,18,102,14,0,114,88,120,72,10,290
K,B,Izquierdo,6,137,Desconocido,Desconocido,Desconocido-Desconocido,840,24,32,32,54,23,144,20,8,40,26,12,78,12,10,106,76,92,56,20,244
K,B,Izquierdo,7,141,Desconocido,Desconocido,Desconocido-Desconocido,860,22,30,36,56,24,160,20,10,60,24,14,98,14,0,100,70,100,60,16,246
K,B,Izquierdo,13,135,Joven,Desconocido,Joven-Desconocido,860,22,26,36,58,23,144,20,10,50,30,12,92,12,0,100,80,86,44,16,226
K,B,Izquierdo,13,139,Joven,Desconocido,Joven-Desconocido,880,22,32,38,60,28,176,22,10,40,26,14,80,14,0,94,80,100,64,16,260
K,B,Izquierdo,12,141,Joven,Desconocido,Joven-Desconocido,1000,22,36,40,60,31,200,26,12,60,26,14,100,14,0,116,84,104,66,14,268
K,B,Izquierdo,8,136,Joven,Desconocido,Joven-Desconocido,900,20,36,38,58,28,176,22,10,60,22,14,96,14,0,104,80,100,60,10,250
K,B,Izquierdo,7,139,Joven,Desconocido,Joven-Desconocido,900,20,36,38,58,28,184,22,10,46,26,14,86,14,0,100,80,98,56,20,254
K,B,Izquierdo,8,142,Joven,Desconocido,Joven-Desconocido,900,20,30,34,58,23,168,20,10,40,22,12,74,18,0,104,76,90,58,10,234
K,B,Izquierdo,12,134,Adulto,Macho,Adulto-Macho,1360,26,52,52,86,60,224,30,10,80,40,20,140,18,0,170,108,162,86,20,376
K,B,Izquierdo,13,137,Preadulto,Macho,Preadulto-Macho,1120,26,38,40,70,39,192,26,12,60,32,16,108,16,0,140,94,120,68,14,296
K,B,Izquierdo,12,140,Preadulto,Macho,Preadulto-Macho,1060,20,36,38,62,30,184,26,12,60,30,18,108,16,0,130,90,100,64,14,268
K,B,Izquierdo,5,136,Desconocido,Desconocido,Desconocido-Desconocido,1140,28,36,34,62,32,168,24,10,76,26,14,116,16,0,100,84,110,64,12,270
K,B,Izquierdo,7,138,Desconocido,Desconocido,Desconocido-Desconocido,820,18,20,26,58,13,152,22,10,60,28,10,98,12,6,118,72,90,40,10,212
K,B,Izquierdo,7,141,Desconocido,Desconocido,Desconocido-Desconocido,840,18,22,30,58,16,152,20,10,48,22,10,80,14,0,100,74,100,62,14,250
K,B,Izquierdo,12,136,Desconocido,Desconocido,Desconocido-Desconocido,1520,32,54,56,86,66,248,40,16,80,40,16,136,0,12,186,132,178,100,12,422
K,B,Izquierdo,12,139,Adulto,Hembra,Adulto-Hembra,1600,38,54,60,84,70,256,36,16,86,40,20,146,20,12,170,136,130,70,18,354
K,B,Izquierdo,8,136,Adulto,Hembra,Adulto-Hembra,1440,28,48,50,82,56,232,34,16,80,30,14,124,14,0,190,140,150,80,16,386
K,B,Izquierdo,9,140,Desconocido,Desconocido,Desconocido-Desconocido,1280,30,50,48,74,53,208,34,16,80,40,18,138,20,10,166,120,144,70,20,354
K,B,Izquierdo,12,136,Adulto,Macho,Adulto-Macho,1280,32,44,46,80,53,200,36,14,80,40,20,140,18,10,162,122,150,90,20,382
K,B,Izquierdo,12,139,Adulto,Macho,Adulto-Macho,1120,22,38,42,70,38,200,32,12,60,34,18,112,20,0,150,104,130,88,20,342
K,B,Izquierdo,13,142,Adulto,Hembra,Adulto-Hembra,1320,30,44,46,78,51,240,38,18,72,40,18,130,22,0,168,118,160,70,16,364
K,B,Izquierdo,8,139,Adulto,Hembra,Adulto-Hembra,1580,30,56,50,86,63,264,46,18,88,42,22,152,22,0,170,140,180,80,34,434
K,B,Izquierdo,8,143,Adulto,Macho,Adulto-Macho,1400,30,48,52,82,58,232,40,18,80,40,22,142,20,0,170,120,170,112,20,422
K,B,Izquierdo,12,134,Adulto,Macho,Adulto-Macho,1220,30,46,46,76,51,232,32,14,60,36,14,110,16,10,144,114,146,80,22,362
K,B,Izquierdo,13,137,Adulto,Hembra,Adulto-Hembra,1280,20,54,50,82,55,240,36,16,90,40,22,152,20,0,150,114,170,86,16,386
K,B,Izquierdo,12,140,Desconocido,Desconocido,Desconocido-Desconocido,1260,26,42,48,78,49,232,30,14,80,40,16,136,20,0,160,110,144,60,16,330
K,B,Izquierdo,7,136,Adulto,Hembra,Adulto-Hembra,1240,26,44,50,74,49,224,34,12,80,36,20,136,20,0,150,112,140,84,20,356
K,B,Izquierdo,8,139,Adulto,Macho,Adulto-Macho,1280,24,44,50,78,50,224,32,14,80,36,20,136,22,0,160,114,150,64,16,344
K,B,Izquierdo,7,135,Adulto,Hembra,Adulto-Hembra,1280,30,46,52,74,53,224,32,16,80,36,16,132,20,10,160,130,170,96,20,416
K,B,Izquierdo,7,138,Adulto,Macho,Adulto-Macho,1260,30,42,48,80,52,192,34,16,80,40,20,140,18,10,170,120,140,76,18,354
K,B,Izquierdo,8,141,Adulto,Macho,Adulto-Macho,1300,30,46,48,80,54,240,38,16,80,40,20,140,20,12,170,122,170,80,20,392
K,B,Izquierdo,10,136,Adulto,Macho,Adulto-Macho,1560,30,60,58,90,71,288,44,20,80,28,20,128,24,0,170,150,160,80,18,408
K,B,Izquierdo,11,139,Adulto,Macho,Adulto-Macho,1180,28,50,46,76,52,184,34,18,70,30,20,120,18,10,150,112,130,60,20,322
K,B,Izquierdo,10,137,Joven,Desconocido,Joven-Desconocido,540,14,20,24,38,86,104,16,8,28,18,8,54,6,0,80,40,50,20,10,120
K,B,Izquierdo,10,140,Desconocido,Desconocido,Desconocido-Desconocido,820,20,24,34,58,20,144,22,10,50,20,10,80,16,0,110,60,86,50,18,214
K,B,Izquierdo,12,135,Adulto,Hembra,Adulto-Hembra,1340,36,50,54,84,64,256,38,18,80,40,20,140,22,0,176,140,170,86,12,408
K,B,Izquierdo,11,138,Desconocido,Desconocido,Desconocido-Desconocido,1580,32,50,56,86,64,248,40,18,80,30,24,134,24,0,206,146,186,104,26,462
K,B,Izquierdo,6,134,Adulto,Hembra,Adulto-Hembra,1360,30,60,74,84,76,256,34,16,76,36,20,132,20,0,164,116,150,100,24,390
K,B,Izquierdo,7,138,Adulto,Macho,Adulto-Macho,1400,30,46,52,88,60,240,24,10,80,30,26,136,24,0,180,126,154,72,20,372
K,B,Izquierdo,13,135,Adulto,Macho,Adulto-Macho,1200,20,30,40,80,37,168,36,16,60,38,20,118,20,0,150,118,150,94,20,382
K,B,Izquierdo,13,138,Adulto,Macho,Adulto-Macho,1500,34,50,50,86,62,264,40,18,80,34,22,136,22,0,180,142,168,90,20,420
K,B,Izquierdo,13,141,Adulto,Macho,Adulto-Macho,1540,34,56,58,90,71,280,40,20,80,42,26,148,26,0,200,150,184,102,22,458
K,B,Izquierdo,9,137,Adulto,Macho,Adulto-Macho,1220,28,46,46,80,52,240,36,14,70,38,20,128,20,0,160,116,160,94,20,390
K,B,Izquierdo,10,141,Adulto,Macho,Adulto-Macho,1240,30,40,46,70,45,200,32,16,80,38,20,138,20,0,150,120,140,84,18,362
K,B,Izquierdo,12,136,Joven,Desconocido,Joven-Desconocido,700,18,26,26,50,12,128,16,6,40,20,10,70,10,6,94,60,70,30,10,170
K,B,Izquierdo,11,141,Adulto,Hembra,Adulto-Hembra,1280,30,40,48,80,51,216,24,10,70,30,20,120,20,0,160,110,130,74,18,332
K,B,Izquierdo,14,137,Desconocido,Desconocido,Desconocido-Desconocido,1360,30,48,50,80,56,248,36,18,70,40,20,130,22,0,164,120,170,94,14,398
K,B,Izquierdo,14,140,Adulto,Hembra,Adulto-Hembra,1740,42,62,64,94,80,280,46,20,86,50,24,160,28,10,234,180,230,122,24,556
K,B,Izquierdo,10,136,Adulto,Hembra,Adulto-Hembra,1680,34,56,58,94,73,248,42,20,80,40,20,140,28,10,200,146,182,116,26,470
K,B,Izquierdo,8,139,Desconocido,Desconocido,Desconocido-Desconocido,1500,28,46,50,80,54,256,36,16,80,36,24,140,20,0,180,140,150,100,20,410
K,B,Izquierdo,10,142,Desconocido,Desconocido,Desconocido-Desconocido,1400,30,50,50,80,57,240,36,16,60,40,20,120,20,10,170,122,160,82,14,378
K,B,Izquierdo,13,137,Desconocido,Desconocido,Desconocido-Desconocido,1380,28,50,54,82,59,200,38,20,70,40,24,134,24,10,184,124,170,100,20,414
K,B,Izquierdo,12,142,Desconocido,Desconocido,Desconocido-Desconocido,1200,20,48,48,76,48,216,32,36,80,30,20,130,20,0,134,110,12,60,20,202
K,B,Izquierdo,9,138,Adulto,Hembra,Adulto-Hembra,1560,36,56,62,86,72,256,42,20,90,44,22,156,26,10,212,142,206,104,20,472
K,B,Izquierdo,9,141,Preadulto,Macho,Preadulto-Macho,1160,20,42,50,80,48,184,30,14,68,38,20,126,20,10,130,106,160,86,20,372
L,B,Derecho,12,136,Desconocido,Desconocido,Desconocido-Desconocido,1360,34,52,54,80,62,248,30,16,90,40,20,150,24,10,170,122,158,80,12,372
L,B,Derecho,11,141,Desconocido,Desconocido,Desconocido-Desconocido,1480,32,60,58,82,68,240,40,20,80,44,22,146,0,10,180,134,176,90,12,412
L,B,Derecho,12,134,Joven,Desconocido,Joven-Desconocido,660,20,24,26,44,9,144,20,10,36,20,10,66,12,6,86,60,78,44,10,192
L,B,Derecho,12,141,Joven,Desconocido,Joven-Desconocido,880,24,32,30,54,22,168,20,10,44,24,12,80,14,0,110,78,100,60,14,252
L,B,Derecho,12,138,Preadulto,Macho,Preadulto-Macho,1220,22,44,46,72,44,240,32,12,72,30,20,122,0,12,140,108,144,90,18,360
L,B,Derecho,12,141,Desconocido,Desconocido,Desconocido-Desconocido,1100,24,40,40,70,39,200,28,14,60,36,12,108,16,10,120,90,130,86,14,320
L,B,Derecho,11,138,Desconocido,Desconocido,Desconocido-Desconocido,1260,24,40,40,70,39,216,24,12,60,40,18,118,20,0,160,110,150,90,16,366
L,B,Derecho,12,136,Adulto,Hembra,Adulto-Hembra,1340,30,50,56,70,55,240,36,16,70,36,20,126,0,0,154,120,150,98,18,386
L,B,Derecho,12,142,Preadulto,Macho,Preadulto-Macho,1240,26,46,50,78,52,200,34,14,70,36,18,124,18,0,150,102,160,80,14,356
M,C,Izquierdo,11,135,Desconocido,Desconocido,Desconocido-Desconocido,1220,32,48,48,74,53,216,36,18,80,32,20,132,20,0,160,114,148,86,18,366
M,C,Izquierdo,10,137,Desconocido,Desconocido,Desconocido-Desconocido,1380,32,50,50,80,58,216,40,14,80,40,20,140,24,0,180,130,160,104,16,410
M,C,Izquierdo,10,140,Adulto,Hembra,Adulto-Hembra,1500,30,54,56,76,60,264,38,16,76,40,20,136,24,0,180,140,168,96,20,424
M,C,Izquierdo,7,134,Adulto,Hembra,Adulto-Hembra,1400,34,50,46,80,57,264,38,16,90,40,20,150,24,0,180,140,172,94,22,428
M,C,Izquierdo,7,137,Adulto,Macho,Adulto-Macho,1300,32,48,46,78,54,216,36,14,72,40,22,134,24,14,160,118,174,100,22,414
M,C,Izquierdo,7,140,Adulto,Hembra,Adulto-Hembra,1240,24,48,46,70,46,240,34,16,70,40,20,130,18,0,150,120,160,100,20,400
M,C,Izquierdo,12,134,Preadulto,Macho,Preadulto-Macho,1260,34,50,52,84,62,256,40,18,80,40,20,140,24,0,170,122,170,90,18,400
M,C,Izquierdo,14,138,Adulto,Macho,Adulto-Macho,1340,22,52,48,76,51,216,34,14,80,40,20,140,20,0,150,120,130,60,20,330
M,C,Izquierdo,11,139,Adulto,Hembra,Adulto-Hembra,1460,24,48,52,84,56,248,38,18,80,40,22,142,24,0,160,132,150,60,20,362
M,C,Izquierdo,8,134,Desconocido,Desconocido,Desconocido-Desconocido,1620,32,52,56,94,69,280,44,20,80,40,22,142,24,0,216,150,200,76,20,446
M,C,Izquierdo,6,136,Desconocido,Desconocido,Desconocido-Desconocido,1260,NA,NA,46,82,1,232,36,16,60,40,20,120,22,10,170,136,160,92,14,402
M,C,Izquierdo,7,139,Preadulto,Macho,Preadulto-Macho,1300,22,40,50,80,48,240,36,16,74,38,20,132,20,0,160,124,170,90,22,406
M,C,Izquierdo,14,135,Adulto,Hembra,Adulto-Hembra,1400,30,56,50,86,63,264,40,18,70,40,22,132,22,0,170,140,190,90,20,440
M,C,Izquierdo,14,138,Adulto,Macho,Adulto-Macho,1420,34,54,52,84,64,256,36,18,80,40,20,140,22,12,180,138,180,106,22,446
M,C,Izquierdo,14,141,Adulto,Hembra,Adulto-Hembra,1220,NA,40,48,78,1,216,32,16,70,40,18,128,22,10,130,106,126,94,20,346
M,C,Izquierdo,10,136,Preadulto,Macho,Preadulto-Macho,1180,30,44,48,74,50,184,32,18,60,32,20,112,20,0,150,110,146,76,20,352
M,C,Izquierdo,10,139,Preadulto,Macho,Preadulto-Macho,1260,30,48,46,74,51,240,36,16,80,40,22,142,18,0,152,124,150,80,20,374
M,C,Izquierdo,11,143,Adulto,Hembra,Adulto-Hembra,1300,30,44,48,80,53,240,36,18,70,36,22,128,18,0,152,120,160,96,20,396
M,C,Izquierdo,13,135,Desconocido,Desconocido,Desconocido-Desconocido,1380,24,46,50,80,52,232,34,14,80,40,22,142,22,0,160,120,140,92,20,372
M,C,Izquierdo,15,138,Adulto,Hembra,Adulto-Hembra,1360,30,46,52,80,56,224,30,16,80,36,20,136,20,0,170,120,158,90,20,388
M,C,Izquierdo,13,141,Desconocido,Desconocido,Desconocido-Desconocido,1240,28,46,48,80,53,192,36,16,60,40,20,120,18,0,146,110,140,88,20,358
M,C,Izquierdo,9,136,Preadulto,Macho,Preadulto-Macho,1340,30,48,50,76,54,176,38,18,66,36,20,122,18,0,160,130,150,86,20,386
M,C,Izquierdo,9,139,Desconocido,Desconocido,Desconocido-Desconocido,1620,34,56,60,90,72,280,44,20,60,40,26,126,24,0,212,160,200,98,20,478
M,C,Izquierdo,14,136,Adulto,Hembra,Adulto-Hembra,1440,32,50,52,84,61,240,40,18,80,40,22,142,22,12,186,144,166,90,20,420
M,C,Izquierdo,14,140,Desconocido,Desconocido,Desconocido-Desconocido,1320,32,48,50,90,62,232,40,16,72,40,22,134,20,0,154,112,140,68,20,340
M,C,Izquierdo,9,138,Preadulto,Macho,Preadulto-Macho,1340,30,48,50,80,56,200,36,20,64,34,20,118,26,0,160,120,150,90,22,382
M,C,Izquierdo,9,142,Preadulto,Macho,Preadulto-Macho,1300,28,48,52,80,56,248,40,18,60,40,22,122,24,12,160,120,160,90,20,390
M,C,Izquierdo,18,136,Desconocido,Desconocido,Desconocido-Desconocido,1300,36,46,48,74,54,224,36,18,70,36,16,122,22,0,150,120,150,80,18,368
M,C,Izquierdo,14,138,Desconocido,Desconocido,Desconocido-Desconocido,1400,36,46,50,80,58,240,40,14,70,40,22,132,24,0,160,120,150,104,30,404
M,C,Izquierdo,14,142,Desconocido,Desconocido,Desconocido-Desconocido,1380,26,54,46,80,55,200,40,16,80,40,22,142,20,0,150,130,148,74,28,380
M,C,Izquierdo,12,134,Desconocido,Desconocido,Desconocido-Desconocido,1340,40,40,40,70,47,216,36,16,60,34,20,114,20,0,166,110,146,80,12,348
M,C,Izquierdo,11,139,Desconocido,Desconocido,Desconocido-Desconocido,1300,24,30,44,84,43,192,40,16,70,50,22,142,24,0,0,0,150,110,22,282
M,C,Izquierdo,13,135,Adulto,Hembra,Adulto-Hembra,1660,32,62,60,100,78,280,46,18,80,50,26,156,18,0,190,140,180,122,20,462
M,C,Izquierdo,13,139,Desconocido,Desconocido,Desconocido-Desconocido,1340,24,42,52,78,50,232,36,14,70,40,20,130,20,0,180,120,148,70,20,358
M,C,Izquierdo,9,135,Adulto,Hembra,Adulto-Hembra,1560,32,62,64,96,78,296,44,18,90,44,24,158,0,12,180,146,190,104,20,460
M,C,Izquierdo,7,138,Preadulto,Macho,Preadulto-Macho,1160,26,42,46,80,49,200,30,14,60,34,20,114,22,0,150,110,130,92,16,348
M,C,Izquierdo,10,139,Preadulto,Macho,Preadulto-Macho,1380,32,50,46,84,58,240,38,14,70,40,22,132,18,0,180,120,132,80,20,352
M,C,Izquierdo,13,134,Adulto,Hembra,Adulto-Hembra,1300,22,48,50,78,51,208,34,18,70,36,22,128,18,0,148,114,150,80,20,364
M,C,Izquierdo,13,137,Adulto,Hembra,Adulto-Hembra,1620,32,60,54,84,67,264,44,8,90,40,24,154,24,0,190,140,160,102,20,422
M,C,Izquierdo,9,134,Desconocido,Desconocido,Desconocido-Desconocido,1260,30,46,44,80,52,216,36,14,80,40,14,134,20,0,146,110,124,80,14,328
M,C,Izquierdo,10,139,Adulto,Hembra,Adulto-Hembra,1300,28,48,50,78,54,224,38,14,70,36,20,126,20,12,160,122,160,94,20,396
M,C,Izquierdo,14,135,Adulto,Macho,Adulto-Macho,1420,30,48,54,78,57,240,38,18,70,40,24,134,20,0,170,130,160,90,20,400
M,C,Izquierdo,13,140,Desconocido,Desconocido,Desconocido-Desconocido,1500,34,54,58,86,68,264,40,20,100,40,24,164,24,0,216,140,170,106,20,436
M,C,Izquierdo,8,136,Adulto,Hembra,Adulto-Hembra,1540,34,54,58,90,70,232,40,20,80,44,22,146,24,12,216,150,210,110,22,492
M,C,Izquierdo,8,139,Adulto,Hembra,Adulto-Hembra,1520,30,50,52,90,63,256,38,20,90,44,24,158,20,10,206,148,190,106,18,462
M,C,Izquierdo,12,135,Adulto,Hembra,Adulto-Hembra,1320,30,50,48,76,54,240,38,16,64,36,20,120,0,0,184,130,166,100,20,416
M,C,Izquierdo,11,138,Adulto,Hembra,Adulto-Hembra,1520,32,48,52,90,63,272,42,18,80,44,24,148,22,10,194,142,180,100,22,444
M,C,Izquierdo,7,134,Adulto,Hembra,Adulto-Hembra,1400,30,44,50,78,53,240,38,16,60,40,24,124,22,0,190,130,170,100,20,420
M,C,Izquierdo,7,137,Desconocido,Desconocido,Desconocido-Desconocido,1400,30,50,50,80,57,256,40,16,70,46,22,138,24,10,182,126,160,116,20,422
M,C,Izquierdo,7,140,Adulto,Hembra,Adulto-Hembra,1440,24,50,52,80,55,280,38,18,70,42,22,134,24,0,186,132,186,120,22,460
M,C,Izquierdo,12,133,Preadulto,Macho,Preadulto-Macho,1260,30,48,48,78,54,200,34,16,64,34,20,118,18,12,160,120,152,94,20,386
M,C,Izquierdo,12,138,Adulto,Macho,Adulto-Macho,1500,34,66,58,92,77,256,36,16,80,50,22,152,26,10,180,142,170,90,28,430
M,C,Izquierdo,9,135,Desconocido,Desconocido,Desconocido-Desconocido,1220,26,44,50,72,48,224,34,16,60,34,20,114,14,0,140,102,110,70,22,304
M,C,Izquierdo,9,138,Adulto,Hembra,Adulto-Hembra,1280,24,46,50,80,52,248,36,16,70,40,16,126,18,12,160,110,156,90,18,374
M,C,Izquierdo,13,136,Adulto,Hembra,Adulto-Hembra,1320,28,50,48,76,53,184,34,16,70,38,20,128,20,10,156,110,164,104,20,398
M,C,Izquierdo,13,140,Preadulto,Macho,Preadulto-Macho,1140,30,44,40,70,44,176,30,14,60,34,20,114,0,0,140,100,140,86,20,346
M,C,Izquierdo,10,136,Preadulto,Macho,Preadulto-Macho,1320,30,50,44,80,54,200,36,14,70,38,20,128,0,0,166,130,160,102,30,422
M,C,Izquierdo,13,138,Adulto,Hembra,Adulto-Hembra,1420,28,52,54,80,59,208,36,14,80,40,20,140,20,10,194,122,170,84,20,396
M,C,Izquierdo,9,136,Desconocido,Desconocido,Desconocido-Desconocido,1320,30,46,50,76,53,224,34,14,70,40,20,130,20,0,160,120,154,60,22,356
M,C,Izquierdo,10,140,Desconocido,Desconocido,Desconocido-Desconocido,1400,30,50,0,0,85,256,36,16,80,40,20,140,20,0,190,132,180,86,20,418
M,C,Izquierdo,12,136,Preadulto,Macho,Preadulto-Macho,1360,30,50,54,80,59,240,36,16,66,38,20,124,0,0,154,120,160,104,20,404
M,C,Izquierdo,12,139,Desconocido,Desconocido,Desconocido-Desconocido,1360,30,44,48,76,51,224,34,14,60,36,20,116,20,0,180,116,130,70,20,336
M,C,Izquierdo,8,136,Adulto,Hembra,Adulto-Hembra,1600,30,54,56,88,66,256,40,18,86,46,20,152,26,12,190,140,190,120,20,470
M,C,Izquierdo,8,140,Desconocido,Desconocido,Desconocido-Desconocido,1340,28,46,50,84,56,232,38,16,70,40,20,130,0,0,170,110,130,64,0,304
M,C,Izquierdo,15,137,Adulto,Macho,Adulto-Macho,1200,28,46,46,70,47,200,30,14,70,30,14,114,18,12,136,104,136,80,22,342
M,C,Izquierdo,12,133,Adulto,Macho,Adulto-Macho,1240,30,48,48,72,51,184,34,14,60,38,20,118,0,10,150,112,148,88,20,368
M,C,Izquierdo,10,139,Desconocido,Desconocido,Desconocido-Desconocido,1400,28,46,50,80,54,240,32,16,70,40,22,132,18,12,160,122,140,80,20,362
M,C,Izquierdo,13,133,Adulto,Macho,Adulto-Macho,120,28,40,40,80,46,232,32,16,70,36,20,126,20,0,144,116,152,94,20,382
M,C,Izquierdo,14,136,Adulto,Hembra,Adulto-Hembra,1580,32,50,54,86,63,272,40,20,80,40,20,140,24,0,200,140,174,100,20,434
M,C,Izquierdo,9,132,Adulto,Hembra,Adulto-Hembra,1240,26,40,46,72,44,224,30,14,80,36,20,136,16,0,150,96,140,90,16,342
M,C,Izquierdo,9,137,Adulto,Hembra,Adulto-Hembra,1260,24,42,42,70,41,208,30,12,60,34,20,114,18,0,160,118,150,90,18,376
M,C,Izquierdo,14,135,Adulto,Hembra,Adulto-Hembra,1300,26,46,50,80,53,224,36,18,60,40,16,116,22,10,170,120,160,80,20,380
M,C,Izquierdo,14,138,Desconocido,Desconocido,Desconocido-Desconocido,1280,28,42,42,76,46,200,30,14,60,30,18,108,18,0,170,106,140,72,24,342
M,C,Izquierdo,12,141,Adulto,Hembra,Adulto-Hembra,1620,36,54,56,90,70,272,42,14,90,48,24,162,24,0,186,144,196,0,0,340
M,C,Izquierdo,9,140,Adulto,Hembra,Adulto-Hembra,1600,32,60,64,92,76,272,40,18,90,44,20,154,26,0,190,142,204,112,20,478
M,C,Izquierdo,8,136,Joven,Desconocido,Joven-Desconocido,900,20,30,34,56,22,160,24,10,50,30,16,96,16,10,126,118,106,56,16,296
N,D,Derecho,11,136,Preadulto,Hembra,Preadulto-Hembra,1120,28,40,46,70,18,144,30,14,60,30,16,106,18,10,132,100,130,84,18,332
N,D,Derecho,11,140,Preadulto,Hembra,Preadulto-Hembra,1100,22,40,50,44,30,200,30,14,60,32,18,110,16,0,134,100,130,82,18,330
O,D,Central,13,139,Joven,Desconocido,Joven-Desconocido,980,22,38,42,64,35,168,24,10,60,30,14,104,16,10,130,90,114,62,16,282
O,D,Central,13,145,Joven,Desconocido,Joven-Desconocido,1080,24,38,42,68,38,200,28,14,60,32,14,106,16,0,132,100,124,66,16,306
O,D,Central,12,138,Adulto,Macho,Adulto-Macho,1540,38,66,58,86,76,240,44,20,70,46,24,140,24,12,184,130,184,120,36,470
O,D,Central,11,137,Joven,Desconocido,Joven-Desconocido,1000,22,36,36,64,31,192,26,10,50,30,16,96,18,0,128,86,120,68,10,284
O,D,Central,11,140,Joven,Desconocido,Joven-Desconocido,700,16,26,30,50,13,112,16,8,30,14,6,50,12,0,80,52,64,40,10,166
O,D,Central,10,136,Joven,Desconocido,Joven-Desconocido,660,14,28,26,50,11,120,12,6,34,20,10,64,10,0,76,50,66,40,14,170
O,D,Central,11,143,Joven,Desconocido,Joven-Desconocido,680,20,28,30,50,16,136,16,8,40,20,10,70,12,6,80,58,74,50,8,190
O,D,Central,10,139,Desconocido,Desconocido,Desconocido-Desconocido,1520,30,54,54,90,66,272,38,22,80,40,22,142,24,12,190,140,192,80,30,442
P,E,Izquierdo,12,133,Joven,Desconocido,Joven-Desconocido,580,16,24,26,42,7,104,16,10,40,16,10,66,8,6,72,44,60,38,10,152
P,E,Izquierdo,12,138,Joven,Desconocido,Joven-Desconocido,800,20,26,36,56,21,152,22,10,50,20,14,84,12,0,90,68,76,52,16,212
P,E,Izquierdo,12,134,Joven,Desconocido,Joven-Desconocido,780,20,28,32,54,19,136,20,10,50,28,12,90,12,0,90,60,68,52,14,194
P,E,Izquierdo,12,137,Joven,Desconocido,Joven-Desconocido,720,22,30,30,52,19,152,14,6,30,20,10,60,10,0,80,60,80,52,16,208
P,E,Izquierdo,16,137,Preadulto,Hembra,Preadulto-Hembra,1180,22,34,36,60,28,168,24,12,60,24,14,98,14,0,114,88,106,74,16,284
P,E,Izquierdo,15,140,Preadulto,Hembra,Preadulto-Hembra,1180,20,40,44,72,40,224,30,14,60,30,16,106,18,0,130,100,150,84,16,350
P,E,Izquierdo,15,144,Joven,Desconocido,Joven-Desconocido,880,20,30,32,56,21,168,20,10,44,24,14,82,14,0,100,156,132,56,12,356
P,E,Izquierdo,10,146,Joven,Desconocido,Joven-Desconocido,800,20,30,32,54,20,152,20,10,46,26,14,86,12,0,92,66,88,56,12,222
P,E,Izquierdo,9,142,Joven,Desconocido,Joven-Desconocido,860,20,28,36,56,22,160,22,12,50,26,14,90,14,0,110,80,94,64,10,248
P,E,Izquierdo,10,138,Joven,Desconocido,Joven-Desconocido,800,20,32,28,58,21,152,20,10,50,22,12,84,12,0,88,70,80,58,12,220
P,E,Izquierdo,19,149,Joven,Desconocido,Joven-Desconocido,960,24,38,38,54,29,160,26,12,60,28,16,104,16,0,120,84,118,72,8,282
P,E,Izquierdo,15,148,Adulto,Hembra,Adulto-Hembra,1340,34,52,54,82,63,248,36,18,80,40,20,140,20,0,172,124,174,102,20,420
P,E,Izquierdo,14,145,Joven,Desconocido,Joven-Desconocido,1100,22,40,42,62,35,208,26,12,50,28,14,92,16,10,100,98,118,70,18,304
P,E,Izquierdo,12,144,Joven,Desconocido,Joven-Desconocido,1020,20,36,46,70,38,184,26,12,60,30,16,106,16,0,150,96,120,60,20,296
P,E,Izquierdo,10,147,Preadulto,Macho,Preadulto-Macho,1100,28,40,44,74,45,200,30,10,60,30,16,106,14,8,140,102,134,80,18,334
P,E,Izquierdo,7,150,Preadulto,Hembra,Preadulto-Hembra,1220,26,46,48,70,47,208,30,16,80,40,20,140,16,10,166,110,140,68,16,334
P,E,Izquierdo,15,134,Joven,Desconocido,Joven-Desconocido,1100,30,40,48,66,44,192,26,10,60,30,14,104,16,10,140,120,112,62,20,314
P,E,Izquierdo,14,138,Adulto,Macho,Adulto-Macho,1600,32,50,54,80,60,224,38,14,80,42,20,142,20,12,180,130,176,104,24,434
P,E,Izquierdo,11,139,Preadulto,Macho,Preadulto-Macho,1240,28,44,48,70,47,200,30,14,68,34,18,120,18,10,160,102,122,78,20,322
P,E,Izquierdo,11,135,Desconocido,Desconocido,Desconocido-Desconocido,1440,30,50,56,80,60,240,34,16,70,40,20,130,0,10,168,0,0,0,0,0
P,E,Izquierdo,11,132,Desconocido,Desconocido,Desconocido-Desconocido,1260,26,48,54,78,55,240,32,16,60,36,18,114,16,12,150,110,134,92,18,354
P,E,Izquierdo,16,131,Preadulto,Macho,Preadulto-Macho,1160,26,40,46,66,41,192,26,10,60,34,16,110,16,0,150,96,124,72,18,310
P,E,Izquierdo,18,139,Preadulto,Macho,Preadulto-Macho,1060,26,40,44,66,40,192,28,16,46,30,18,94,18,10,130,80,114,80,18,292
P,E,Izquierdo,16,142,Adulto,Macho,Adulto-Macho,1280,26,44,48,76,49,232,32,16,52,30,18,100,20,0,160,110,150,88,16,364
P,E,Izquierdo,12,137,Adulto,Macho,Adulto-Macho,1520,34,56,54,88,68,248,40,20,80,40,22,142,20,12,194,138,190,110,20,458
P,E,Izquierdo,12,140,Adulto,Macho,Adulto-Macho,1320,28,46,50,80,54,216,30,18,68,34,20,122,18,10,170,112,148,100,18,378
P,E,Izquierdo,12,143,Adulto,Macho,Adulto-Macho,1280,26,48,46,78,51,224,26,14,70,34,20,124,20,0,156,110,150,92,16,368
P,E,Izquierdo,15,137,Preadulto,Macho,Preadulto-Macho,1140,26,40,44,68,41,192,30,14,60,34,20,114,18,12,152,100,130,60,14,304
P,E,Izquierdo,14,140,Joven,Desconocido,Joven-Desconocido,920,22,30,34,58,24,168,24,12,50,30,12,92,16,10,112,84,100,66,18,268
P,E,Izquierdo,9,135,Joven,Desconocido,Joven-Desconocido,1040,26,38,38,68,37,184,26,10,60,26,16,102,16,0,144,92,120,74,10,296
P,E,Izquierdo,9,138,Joven,Desconocido,Joven-Desconocido,1000,24,34,38,66,33,160,36,12,70,30,14,114,14,0,130,90,114,74,16,294
P,E,Izquierdo,10,141,Joven,Desconocido,Joven-Desconocido,1000,22,32,40,60,29,176,28,14,60,30,12,102,14,0,124,86,100,40,16,242
P,E,Izquierdo,14,137,Preadulto,Hembra,Preadulto-Hembra,1080,22,40,44,60,35,160,28,12,54,30,18,102,16,0,122,96,126,80,14,316
P,E,Izquierdo,14,141,Adulto,Hembra,Adulto-Hembra,1360,28,48,52,76,54,240,36,16,70,38,22,130,20,0,170,122,162,114,16,414
P,E,Izquierdo,10,138,Adulto,Macho,Adulto-Macho,1280,28,44,46,76,49,200,34,16,70,40,18,128,20,12,152,116,148,78,16,358
P,E,Izquierdo,10,140,Adulto,Macho,Adulto-Macho,1240,30,40,46,70,45,208,32,16,70,32,18,120,18,8,150,110,140,88,14,352
P,E,Izquierdo,15,134,Adulto,Hembra,Adulto-Hembra,1600,34,54,54,84,65,256,38,18,80,40,20,140,22,0,200,130,150,112,30,422
P,E,Izquierdo,15,137,Desconocido,Desconocido,Desconocido-Desconocido,1400,30,52,52,72,55,200,32,16,70,36,20,126,14,12,150,114,140,112,20,386
P,E,Izquierdo,11,134,Adulto,Hembra,Adulto-Hembra,1480,32,54,54,80,62,272,38,16,60,40,20,120,30,12,170,126,160,90,18,394
P,E,Izquierdo,12,138,Adulto,Hembra,Adulto-Hembra,1300,26,44,48,80,51,224,36,18,60,40,18,118,0,12,170,120,138,96,16,370
P,E,Izquierdo,20,140,Joven,Desconocido,Joven-Desconocido,680,18,22,28,48,10,112,18,10,40,20,12,72,12,0,68,64,78,50,10,202
P,E,Izquierdo,14,134,Joven,Desconocido,Joven-Desconocido,760,22,28,32,48,17,136,20,10,40,22,12,74,10,0,100,66,90,70,12,238
P,E,Izquierdo,13,141,Joven,Desconocido,Joven-Desconocido,1120,32,44,48,66,47,184,26,10,68,32,16,116,10,10,142,90,130,50,14,284
P,E,Izquierdo,10,135,Joven,Desconocido,Joven-Desconocido,860,24,30,32,52,21,144,22,10,40,28,10,78,10,0,100,74,90,40,12,216
P,E,Izquierdo,7,138,Joven,Desconocido,Joven-Desconocido,860,20,36,34,54,24,136,22,12,48,30,16,94,16,0,100,76,92,60,14,242
P,E,Izquierdo,14,135,Adulto,Hembra,Adulto-Hembra,1560,30,60,58,86,69,296,40,18,60,38,26,124,20,0,180,130,192,110,18,450
P,E,Izquierdo,13,139,Adulto,Hembra,Adulto-Hembra,1340,26,46,48,76,50,232,32,16,66,36,20,122,18,0,160,120,142,100,18,380
P,E,Izquierdo,11,135,Adulto,Hembra,Adulto-Hembra,1080,30,46,48,74,51,192,30,14,60,30,14,104,20,0,134,72,100,90,18,280
P,E,Izquierdo,10,139,Preadulto,Hembra,Preadulto-Hembra,1300,30,48,54,80,58,232,38,14,60,40,20,120,20,0,140,90,130,78,20,318
P,E,Izquierdo,11,133,Desconocido,Desconocido,Desconocido-Desconocido,1440,30,50,52,86,61,240,36,18,80,40,18,138,0,0,160,84,160,74,20,338
P,E,Izquierdo,13,135,Desconocido,Desconocido,Desconocido-Desconocido,1500,30,54,56,86,65,248,32,18,80,40,24,144,24,12,200,144,170,90,20,424
P,E,Izquierdo,12,139,Adulto,Macho,Adulto-Macho,1220,30,50,50,72,53,216,30,12,60,34,18,112,18,10,150,88,140,82,18,328
P,E,Izquierdo,9,138,Adulto,Hembra,Adulto-Hembra,1520,32,56,58,88,69,264,40,18,60,50,24,134,24,0,190,134,180,116,24,454
P,E,Izquierdo,7,136,Desconocido,Desconocido,Desconocido-Desconocido,1280,34,50,54,82,62,232,38,18,60,40,18,118,24,0,180,130,164,84,20,398
P,E,Izquierdo,8,133,Adulto,Hembra,Adulto-Hembra,1500,0,0,58,84,23,248,36,22,80,42,20,142,24,0,202,146,190,110,20,466
P,E,Izquierdo,12,136,Adulto,Macho,Adulto-Macho,1300,30,48,48,80,55,216,36,18,66,36,16,118,22,0,162,112,160,84,20,376
P,E,Izquierdo,14,139,Adulto,Macho,Adulto-Macho,1380,30,52,50,80,58,216,38,20,80,38,20,138,22,8,166,126,160,100,20,406
P,E,Izquierdo,13,143,Desconocido,Desconocido,Desconocido-Desconocido,1220,28,42,44,76,47,208,32,16,70,30,18,118,20,0,160,112,124,64,20,320
P,E,Izquierdo,8,137,Adulto,Macho,Adulto-Macho,1100,30,40,46,74,47,192,28,14,70,30,18,118,18,12,140,104,140,80,20,344
P,E,Izquierdo,8,140,Adulto,Macho,Adulto-Macho,1200,30,44,44,74,48,216,30,14,64,34,20,118,18,10,148,108,146,82,14,350
P,E,Izquierdo,10,144,Adulto,Macho,Adulto-Macho,1240,30,48,48,78,54,200,36,16,70,30,20,120,18,10,150,106,160,90,16,372
P,E,Izquierdo,13,137,Desconocido,Desconocido,Desconocido-Desconocido,1340,30,50,50,86,60,240,40,18,60,40,20,120,12,170,134,160,82,18,0,260
P,E,Izquierdo,13,140,Adulto,Hembra,Adulto-Hembra,1460,30,50,52,84,60,248,38,18,60,40,20,120,0,190,130,146,94,18,0,258
P,E,Izquierdo,9,140,Adulto,Macho,Adulto-Macho,1420,30,50,48,88,60,232,36,16,60,40,18,118,10,184,130,172,90,18,0,280
P,E,Izquierdo,8,137,Desconocido,Desconocido,Desconocido-Desconocido,1480,30,50,56,84,62,248,38,20,60,44,22,126,0,180,132,160,100,18,0,278
P,E,Izquierdo,9,139,Adulto,Hembra,Adulto-Hembra,1420,34,52,50,80,60,232,32,16,70,40,18,128,10,180,128,168,88,18,0,274
Q,E,Derecho,11,140,Adulto,Hembra,Adulto-Hembra,1660,38,56,60,96,77,288,44,20,70,40,22,132,12,196,150,200,80,20,0,300
Q,E,Derecho,12,137,Joven,Desconocido,Joven-Desconocido,820,20,30,54,54,31,160,20,10,50,20,10,80,0,100,70,126,40,18,0,184
Q,E,Derecho,13,143,Joven,Desconocido,Joven-Desconocido,500,16,18,20,42,86,104,14,6,30,14,8,52,6,60,40,50,36,10,0,96
Q,E,Derecho,14,136,Adulto,Hembra,Adulto-Hembra,1720,36,76,64,100,82,280,44,22,80,50,24,154,0,200,160,200,116,32,0,348
Q,E,Derecho,14,140,Adulto,Hembra,Adulto-Hembra,1620,36,58,54,90,71,280,44,20,80,46,24,150,22,0,200,150,180,0,0,330
Q,E,Derecho,13,134,Preadulto,Macho,Preadulto-Macho,1160,26,44,44,70,44,216,30,14,60,32,18,110,16,0,134,100,130,80,14,324
Q,E,Derecho,13,140,Joven,Desconocido,Joven-Desconocido,860,20,34,36,60,27,168,22,10,50,24,14,88,12,0,110,80,88,58,10,236
Q,E,Derecho,8,138,Adulto,Hembra,Adulto-Hembra,1480,34,52,54,82,63,264,38,20,70,40,20,130,22,0,180,132,170,90,20,412
Q,E,Derecho,10,138,Adulto,Hembra,Adulto-Hembra,1720,34,58,60,90,73,264,40,20,80,46,20,146,22,0,214,156,190,114,18,478
Q,E,Derecho,10,142,Desconocido,Desconocido,Desconocido-Desconocido,1380,22,42,48,78,47,208,38,16,60,42,20,122,20,12,166,122,170,108,20,420
Q,E,Derecho,13,138,Adulto,Hembra,Adulto-Hembra,1700,30,58,56,90,69,304,40,16,80,44,26,150,24,0,200,142,200,120,24,486
Q,E,Derecho,13,142,Adulto,Hembra,Adulto-Hembra,1700,34,64,58,90,75,272,42,20,80,40,20,140,24,12,230,156,192,80,20,448
Q,E,Derecho,14,136,Adulto,Hembra,Adulto-Hembra,1500,32,56,56,82,65,240,40,16,80,40,24,144,22,0,192,140,178,106,20,444
Q,E,Derecho,13,140,Preadulto,Hembra,Preadulto-Hembra,1440,26,48,54,86,59,240,36,16,70,40,22,132,22,10,186,140,170,102,20,432
Q,E,Derecho,11,136,Adulto,Macho,Adulto-Macho,1240,24,46,46,80,50,200,30,16,68,34,20,122,18,0,160,120,156,88,20,384
Q,E,Derecho,11,140,Preadulto,Macho,Preadulto-Macho,1280,24,44,48,80,50,200,34,16,70,40,20,130,20,12,180,124,160,90,20,394
Q,E,Derecho,12,143,Joven,Desconocido,Joven-Desconocido,1360,30,52,52,82,60,224,40,20,70,40,20,130,20,0,220,110,150,76,20,356
Q,E,Derecho,11,136,Adulto,Macho,Adulto-Macho,1320,28,54,54,78,59,240,34,14,70,36,20,126,20,0,140,112,164,90,14,380
Q,E,Derecho,12,139,Adulto,Macho,Adulto-Macho,1340,30,48,54,80,58,192,36,16,72,38,20,130,24,10,160,118,154,102,18,392
Q,E,Derecho,12,142,Desconocido,Desconocido,Desconocido-Desconocido,1420,34,54,48,86,63,248,40,18,70,44,22,136,22,0,188,132,146,74,24,376
Q,E,Derecho,13,134,Desconocido,Desconocido,Desconocido-Desconocido,1380,30,50,52,82,59,240,40,20,80,40,22,142,18,0,160,120,140,80,22,362
Q,E,Derecho,13,139,Adulto,Hembra,Adulto-Hembra,1440,30,50,48,80,56,232,34,12,80,40,20,140,16,0,180,140,160,90,20,410
Q,E,Derecho,14,141,Desconocido,Desconocido,Desconocido-Desconocido,1540,24,50,50,88,58,240,40,20,80,40,20,140,0,0,180,140,166,90,18,414
Q,E,Derecho,13,137,Adulto,Hembra,Adulto-Hembra,1540,0,0,0,0,2,264,38,20,60,44,20,124,20,0,190,130,172,92,22,416
Q,E,Derecho,12,134,Adulto,Macho,Adulto-Macho,1540,34,58,52,90,69,248,40,22,80,40,24,144,22,0,196,140,160,80,20,400
Q,E,Derecho,12,140,Preadulto,Hembra,Preadulto-Hembra,1300,26,42,50,80,51,216,34,18,60,36,18,114,18,0,152,118,150,88,20,376
Q,E,Derecho,13,138,Joven,Desconocido,Joven-Desconocido,840,20,28,34,50,18,152,20,10,50,22,12,84,14,10,100,72,78,50,16,216
Q,E,Derecho,13,142,Joven,Desconocido,Joven-Desconocido,840,24,30,32,56,23,152,20,12,50,24,14,88,14,0,100,76,92,60,14,242
R,F,Izquierdo,11,131,Adulto,Hembra,Adulto-Hembra,1180,26,50,58,72,55,200,14,30,70,38,20,128,20,12,154,112,150,92,18,372
R,F,Izquierdo,11,138,Preadulto,Macho,Preadulto-Macho,1220,28,50,42,70,47,200,12,28,60,34,14,108,20,0,150,120,134,66,16,336
S,F,Derecho,,,Joven,Desconocido,Joven-Desconocido,880,20,30,34,60,24,144,24,12,0,0,0,0,14,0,120,88,80,56,18,242
S,F,Derecho,,,Joven,Desconocido,Joven-Desconocido,660,16,24,30,50,12,128,10,20,30,18,10,58,10,0,80,56,66,44,12,178
S,F,Derecho,,,Preadulto,Hembra,Preadulto-Hembra,1100,24,40,40,66,37,184,14,28,56,28,16,100,20,10,128,96,130,82,24,332
S,F,Derecho,13,135,Preadulto,Hembra,Preadulto-Hembra,1280,24,48,48,76,50,208,16,32,60,38,20,118,20,0,160,116,150,90,18,374
S,F,Derecho,12,140,Preadulto,Macho,Preadulto-Macho,1120,24,40,46,70,42,200,14,30,70,32,18,120,18,0,140,100,130,80,16,326
S,F,Derecho,10,137,Desconocido,Desconocido,Desconocido-Desconocido,1340,30,50,52,86,61,232,18,38,60,40,14,114,20,0,150,120,140,80,20,360
S,F,Derecho,11,142,Adulto,Hembra,Adulto-Hembra,1400,26,56,56,84,63,248,18,40,80,38,18,136,22,12,186,130,170,80,20,400
S,F,Derecho,11,136,Joven,Desconocido,Joven-Desconocido,800,20,32,36,56,24,144,10,20,44,26,10,80,14,0,110,66,80,52,10,208
S,F,Derecho,8,141,Joven,Desconocido,Joven-Desconocido,1080,22,40,44,62,36,216,14,30,56,30,14,100,0,10,142,96,120,52,20,288
S,F,Derecho,9,139,Adulto,Hembra,Adulto-Hembra,1400,26,52,58,78,59,224,16,36,90,40,22,152,20,0,174,130,174,106,20,430
S,F,Derecho,10,142,Joven,Desconocido,Joven-Desconocido,1220,28,44,48,70,47,216,16,28,60,30,16,106,18,0,158,120,140,62,16,338
